	0-RawData	1-FilterAndTrim	2-ErrorModel	3.1-Dereplication	3.2-Denoising	4-ESV	5-MultipleSequenceAlignment	6-ChimeraRemoval	7-PreClassification	8-Clustering_97	9-TaxaFilter_97	10-MultipletonsFilter_97	11-Subsampling	12-Lulu_97
APAL257b_S322_L001	32646	25398	25398	25398 (6273 uniques)	25304 (105 uniques)	25012 (83 uniques)	23140 (75 uniques)	23083 (74 uniques)	23083 (74 uniques)	23083 (69 uniques)	2791 (64 uniques)	2791 (64 uniques)	2791 (64 uniques)	2791 (64 uniques)
APAL257c_S334_L001	61999	48542	48542	48542 (9680 uniques)	48429 (60 uniques)	48201 (55 uniques)	45881 (46 uniques)	45849 (45 uniques)	45849 (45 uniques)	45849 (41 uniques)	3813 (34 uniques)	3813 (34 uniques)	3813 (34 uniques)	3813 (34 uniques)
APAL270b_S325_L001	36715	30250	30250	30250 (5772 uniques)	30124 (54 uniques)	29988 (42 uniques)	29969 (41 uniques)	29628 (37 uniques)	29628 (37 uniques)	29628 (34 uniques)	23912 (31 uniques)	23912 (31 uniques)	23912 (31 uniques)	23912 (31 uniques)
APAL270c_S337_L001	51394	41079	41079	41079 (8843 uniques)	40940 (54 uniques)	40840 (50 uniques)	40805 (48 uniques)	40432 (43 uniques)	40432 (43 uniques)	40432 (42 uniques)	32182 (39 uniques)	32182 (39 uniques)	32182 (39 uniques)	32182 (39 uniques)
APAL288b_S320_L001	38307	30044	30044	30044 (7526 uniques)	29882 (76 uniques)	29619 (64 uniques)	28881 (58 uniques)	28513 (53 uniques)	28513 (53 uniques)	28513 (45 uniques)	21807 (42 uniques)	21805 (41 uniques)	21805 (41 uniques)	21805 (41 uniques)
APAL288c_S332_L001	38619	31107	31107	31107 (8253 uniques)	30984 (59 uniques)	30820 (53 uniques)	29825 (47 uniques)	29585 (43 uniques)	29585 (43 uniques)	29585 (37 uniques)	21826 (36 uniques)	21826 (36 uniques)	21826 (36 uniques)	21826 (36 uniques)
APAL297b_S330_L001	39164	31085	31085	31085 (8131 uniques)	30875 (101 uniques)	30463 (76 uniques)	29688 (68 uniques)	29236 (63 uniques)	29236 (63 uniques)	29236 (53 uniques)	18244 (46 uniques)	18244 (46 uniques)	18244 (46 uniques)	18244 (46 uniques)
APAL297c_S342_L001	354	269	269	269 (120 uniques)	246 (3 uniques)	246 (3 uniques)	246 (3 uniques)	246 (3 uniques)	246 (3 uniques)	246 (2 uniques)	145 (1 uniques)	145 (1 uniques)	145 (1 uniques)	145 (1 uniques)
APAL305b_S331_L001	37685	27811	27811	27811 (6764 uniques)	27662 (113 uniques)	27204 (92 uniques)	27136 (88 uniques)	26763 (81 uniques)	26763 (81 uniques)	26763 (72 uniques)	2542 (62 uniques)	2542 (62 uniques)	2542 (62 uniques)	2542 (62 uniques)
APAL305c_S343_L001	45952	34025	34025	34025 (8786 uniques)	33869 (116 uniques)	33400 (99 uniques)	33245 (95 uniques)	32953 (87 uniques)	32953 (87 uniques)	32953 (77 uniques)	4125 (68 uniques)	4125 (68 uniques)	4125 (68 uniques)	4125 (68 uniques)
APAL307b_S328_L001	40150	30982	30982	30982 (7619 uniques)	30801 (67 uniques)	30526 (52 uniques)	30088 (46 uniques)	29605 (43 uniques)	29605 (43 uniques)	29605 (42 uniques)	16976 (35 uniques)	16976 (35 uniques)	16976 (35 uniques)	16976 (35 uniques)
APAL307c_S340_L001	12407	9881	9881	9881 (2918 uniques)	9845 (18 uniques)	9828 (18 uniques)	9767 (17 uniques)	9767 (17 uniques)	9767 (17 uniques)	9767 (13 uniques)	6170 (12 uniques)	6170 (12 uniques)	6170 (12 uniques)	6170 (12 uniques)
APAL313b_S323_L001	27678	21124	21124	21124 (6874 uniques)	20978 (166 uniques)	20676 (157 uniques)	19561 (151 uniques)	19561 (151 uniques)	19561 (151 uniques)	19561 (131 uniques)	9219 (120 uniques)	9219 (120 uniques)	9219 (120 uniques)	9219 (120 uniques)
APAL313c_S335_L001	28641	21872	21872	21872 (6777 uniques)	21771 (116 uniques)	21487 (115 uniques)	20467 (102 uniques)	20467 (102 uniques)	20467 (102 uniques)	20467 (92 uniques)	7610 (82 uniques)	7610 (82 uniques)	7610 (82 uniques)	7610 (82 uniques)
APAL315b_S321_L001	38213	28827	28827	28827 (8228 uniques)	28577 (218 uniques)	27899 (189 uniques)	27497 (178 uniques)	27464 (177 uniques)	27464 (177 uniques)	27464 (161 uniques)	6617 (144 uniques)	6617 (144 uniques)	6617 (144 uniques)	6617 (144 uniques)
APAL315c_S333_L001	29557	23986	23986	23986 (6895 uniques)	23788 (185 uniques)	23390 (168 uniques)	22869 (155 uniques)	22845 (154 uniques)	22845 (154 uniques)	22845 (140 uniques)	6504 (127 uniques)	6504 (127 uniques)	6504 (127 uniques)	6504 (127 uniques)
APAL350b_S329_L001	37302	27105	27105	27105 (7204 uniques)	26961 (145 uniques)	26281 (119 uniques)	23421 (111 uniques)	23325 (107 uniques)	23325 (107 uniques)	23325 (101 uniques)	5621 (90 uniques)	5621 (90 uniques)	5621 (90 uniques)	5621 (90 uniques)
APAL350c_S341_L001	28388	21714	21714	21714 (6391 uniques)	21608 (92 uniques)	21305 (81 uniques)	19022 (74 uniques)	18962 (72 uniques)	18962 (72 uniques)	18962 (70 uniques)	4275 (59 uniques)	4275 (59 uniques)	4275 (59 uniques)	4275 (59 uniques)
APAL353b_S327_L001	44662	36046	36046	36046 (8416 uniques)	35782 (123 uniques)	35484 (100 uniques)	34216 (93 uniques)	33938 (90 uniques)	33938 (90 uniques)	33938 (82 uniques)	29773 (73 uniques)	29773 (73 uniques)	29773 (73 uniques)	29773 (73 uniques)
APAL353c_S339_L001	45111	36022	36022	36022 (7991 uniques)	35825 (116 uniques)	35678 (102 uniques)	34085 (96 uniques)	33837 (93 uniques)	33837 (93 uniques)	33837 (88 uniques)	29660 (78 uniques)	29658 (77 uniques)	29658 (77 uniques)	29658 (77 uniques)
APAL367b_S324_L001	35041	26020	26020	26020 (6027 uniques)	25861 (102 uniques)	25057 (84 uniques)	24028 (78 uniques)	23949 (74 uniques)	23949 (74 uniques)	23949 (67 uniques)	2964 (62 uniques)	2964 (62 uniques)	2964 (62 uniques)	2964 (62 uniques)
APAL367c_S336_L001	61992	48154	48154	48154 (10001 uniques)	48002 (85 uniques)	47067 (74 uniques)	45294 (68 uniques)	45185 (64 uniques)	45185 (64 uniques)	45185 (57 uniques)	4700 (49 uniques)	4700 (49 uniques)	4700 (49 uniques)	4700 (49 uniques)
APAL380b_S326_L001	44268	33322	33322	33322 (7216 uniques)	33150 (64 uniques)	32703 (50 uniques)	32573 (47 uniques)	32103 (42 uniques)	32103 (42 uniques)	32103 (40 uniques)	11935 (37 uniques)	11935 (37 uniques)	11935 (37 uniques)	11935 (37 uniques)
APAL380c_S338_L001	18944	12675	12675	12675 (3674 uniques)	12570 (27 uniques)	12476 (17 uniques)	12459 (16 uniques)	12284 (14 uniques)	12284 (14 uniques)	12284 (13 uniques)	4558 (10 uniques)	4558 (10 uniques)	4558 (10 uniques)	4558 (10 uniques)
CNAT_DISEASE_3_9_23_S152_L001	62267	50200	50200	50200 (20736 uniques)	49831 (172 uniques)	49468 (217 uniques)	28581 (119 uniques)	28454 (114 uniques)	28454 (114 uniques)	28454 (108 uniques)	26436 (98 uniques)	26436 (98 uniques)	26436 (98 uniques)	26436 (98 uniques)
DLAB_HEALTHY_CONTROL_S159_L001	68784	51363	51363	51363 (19517 uniques)	51167 (114 uniques)	50609 (161 uniques)	13384 (62 uniques)	13384 (62 uniques)	13384 (62 uniques)	13384 (58 uniques)	2934 (48 uniques)	2934 (48 uniques)	2934 (48 uniques)	2934 (48 uniques)
DNA_NTC_1_S192_L001	52260	9716	9716	9716 (4097 uniques)	9597 (32 uniques)	9573 (46 uniques)	8734 (25 uniques)	8734 (25 uniques)	8734 (25 uniques)	8734 (20 uniques)	8718 (19 uniques)	8718 (19 uniques)	8718 (19 uniques)	8718 (19 uniques)
DNA_NTC_2P4_S309_L001	5592	4149	4149	4149 (1611 uniques)	4125 (24 uniques)	4064 (22 uniques)	4064 (21 uniques)	4064 (21 uniques)	4064 (21 uniques)	4064 (17 uniques)	3984 (15 uniques)	3984 (15 uniques)	3984 (15 uniques)	3984 (15 uniques)
END_CN22_11_1_S59_L001	10870	8499	8499	8499 (3579 uniques)	8076 (237 uniques)	7370 (170 uniques)	7317 (161 uniques)	7317 (161 uniques)	7317 (161 uniques)	7317 (147 uniques)	6621 (139 uniques)	6621 (139 uniques)	6621 (139 uniques)	6621 (139 uniques)
END_CN22_11_2_S60_L001	18581	13887	13887	13887 (5811 uniques)	13195 (320 uniques)	12004 (226 uniques)	11933 (219 uniques)	11933 (219 uniques)	11933 (219 uniques)	11933 (195 uniques)	9874 (182 uniques)	9874 (182 uniques)	9874 (182 uniques)	9874 (182 uniques)
END_CN22_12_S61_L001	20936	16290	16290	16290 (6845 uniques)	15573 (409 uniques)	14250 (293 uniques)	14110 (280 uniques)	14110 (280 uniques)	14110 (280 uniques)	14110 (236 uniques)	12838 (217 uniques)	12838 (217 uniques)	12838 (217 uniques)	12838 (217 uniques)
END_CN22_14_1_S62_L001	15232	11537	11537	11537 (4242 uniques)	11108 (261 uniques)	10182 (182 uniques)	10075 (179 uniques)	10075 (179 uniques)	10075 (179 uniques)	10075 (163 uniques)	5610 (151 uniques)	5610 (151 uniques)	5610 (151 uniques)	5610 (151 uniques)
END_CN22_14_2_S63_L001	11775	9556	9556	9556 (4362 uniques)	8968 (319 uniques)	7907 (217 uniques)	7819 (210 uniques)	7819 (210 uniques)	7819 (210 uniques)	7819 (188 uniques)	6957 (169 uniques)	6957 (169 uniques)	6957 (169 uniques)	6957 (169 uniques)
END_CN22_15_S64_L001	6457	5088	5088	5088 (2563 uniques)	4670 (220 uniques)	3859 (144 uniques)	3851 (143 uniques)	3851 (143 uniques)	3851 (143 uniques)	3851 (126 uniques)	2853 (110 uniques)	2853 (110 uniques)	2853 (110 uniques)	2853 (110 uniques)
END_CN22_16_S65_L001	10647	8723	8723	8723 (3837 uniques)	8138 (304 uniques)	7262 (222 uniques)	7237 (218 uniques)	7237 (218 uniques)	7237 (218 uniques)	7237 (194 uniques)	6648 (179 uniques)	6644 (177 uniques)	6644 (177 uniques)	6644 (177 uniques)
END_CN22_17_S66_L001	4710	3624	3624	3624 (1842 uniques)	3239 (142 uniques)	2692 (90 uniques)	2667 (86 uniques)	2667 (86 uniques)	2667 (86 uniques)	2667 (81 uniques)	1894 (75 uniques)	1894 (75 uniques)	1894 (75 uniques)	1894 (75 uniques)
END_CN22_18_S67_L001	1834	1430	1430	1430 (767 uniques)	1194 (53 uniques)	985 (32 uniques)	985 (31 uniques)	985 (31 uniques)	985 (31 uniques)	985 (30 uniques)	828 (25 uniques)	828 (25 uniques)	828 (25 uniques)	828 (25 uniques)
END_CN22_19_S68_L001	4085	3203	3203	3203 (1679 uniques)	2805 (150 uniques)	2269 (90 uniques)	2243 (88 uniques)	2243 (88 uniques)	2243 (88 uniques)	2243 (80 uniques)	1741 (73 uniques)	1741 (73 uniques)	1741 (73 uniques)	1741 (73 uniques)
END_CN22_1_S52_L001	15038	11531	11531	11531 (5018 uniques)	10935 (347 uniques)	9638 (222 uniques)	9622 (215 uniques)	9622 (215 uniques)	9622 (215 uniques)	9622 (193 uniques)	6933 (180 uniques)	6933 (180 uniques)	6933 (180 uniques)	6933 (180 uniques)
END_CN22_20_S69_L001	1120	871	871	871 (477 uniques)	715 (47 uniques)	526 (24 uniques)	526 (24 uniques)	526 (24 uniques)	526 (24 uniques)	526 (22 uniques)	385 (20 uniques)	385 (20 uniques)	385 (20 uniques)	385 (20 uniques)
END_CN22_21_1_S70_L001	278	221	221	221 (153 uniques)	155 (16 uniques)	115 (11 uniques)	115 (11 uniques)	115 (11 uniques)	115 (11 uniques)	115 (11 uniques)	100 (9 uniques)	100 (9 uniques)	100 (9 uniques)	100 (9 uniques)
END_CN22_21_2_S71_L001	4	/	/	/	/	/	/	/	/	/	/	/	/	/
END_CN22_21_3_S72_L001	3904	3008	3008	3008 (1656 uniques)	2612 (129 uniques)	2069 (77 uniques)	2069 (76 uniques)	2069 (76 uniques)	2069 (76 uniques)	2069 (69 uniques)	1766 (62 uniques)	1766 (62 uniques)	1766 (62 uniques)	1766 (62 uniques)
END_CN22_22_S74_L001	35880	27767	27767	27767 (11685 uniques)	26655 (712 uniques)	24212 (505 uniques)	24079 (487 uniques)	24079 (487 uniques)	24079 (487 uniques)	24079 (411 uniques)	20378 (383 uniques)	20378 (383 uniques)	20378 (383 uniques)	20378 (383 uniques)
END_CN22_24_1_S75_L001	33487	27149	27149	27149 (11040 uniques)	26262 (581 uniques)	24569 (452 uniques)	24203 (433 uniques)	24203 (433 uniques)	24203 (433 uniques)	24203 (372 uniques)	19975 (350 uniques)	19975 (350 uniques)	19975 (350 uniques)	19975 (350 uniques)
END_CN22_24_2_S76_L001	35830	28241	28241	28241 (12034 uniques)	27165 (642 uniques)	24937 (466 uniques)	24649 (453 uniques)	24649 (453 uniques)	24649 (453 uniques)	24649 (387 uniques)	18740 (361 uniques)	18738 (360 uniques)	18738 (360 uniques)	18738 (360 uniques)
END_CN22_25_S77_L001	35634	28850	28850	28850 (12336 uniques)	27562 (726 uniques)	25144 (531 uniques)	24947 (509 uniques)	24947 (509 uniques)	24947 (509 uniques)	24947 (441 uniques)	16976 (405 uniques)	16976 (405 uniques)	16976 (405 uniques)	16976 (405 uniques)
END_CN22_26_S78_L001	26838	21697	21697	21697 (10320 uniques)	20844 (466 uniques)	19430 (368 uniques)	19178 (358 uniques)	19178 (358 uniques)	19178 (358 uniques)	19178 (295 uniques)	14265 (270 uniques)	14265 (270 uniques)	14265 (270 uniques)	14265 (270 uniques)
END_CN22_27_S79_L001	54525	41856	41856	41856 (16053 uniques)	40670 (752 uniques)	37924 (554 uniques)	37569 (529 uniques)	37556 (528 uniques)	37556 (528 uniques)	37556 (450 uniques)	25467 (407 uniques)	25465 (406 uniques)	25465 (406 uniques)	25465 (406 uniques)
END_CN22_28_S80_L001	41687	32739	32739	32739 (13927 uniques)	31567 (792 uniques)	28970 (593 uniques)	28704 (572 uniques)	28704 (572 uniques)	28704 (572 uniques)	28704 (492 uniques)	24433 (459 uniques)	24431 (458 uniques)	24431 (458 uniques)	24431 (458 uniques)
END_CN22_29_S81_L001	33105	25163	25163	25163 (11061 uniques)	24044 (693 uniques)	21543 (481 uniques)	21424 (471 uniques)	21424 (471 uniques)	21424 (471 uniques)	21424 (412 uniques)	17928 (389 uniques)	17928 (389 uniques)	17928 (389 uniques)	17928 (389 uniques)
END_CN22_30_1_S82_L001	25278	19285	19285	19285 (8348 uniques)	18408 (450 uniques)	16817 (325 uniques)	16685 (317 uniques)	16685 (317 uniques)	16685 (317 uniques)	16685 (278 uniques)	11169 (259 uniques)	11167 (258 uniques)	11167 (258 uniques)	11167 (258 uniques)
END_CN22_30_2_S83_L001	42912	34486	34486	34486 (13319 uniques)	33500 (644 uniques)	31579 (486 uniques)	31377 (474 uniques)	31364 (472 uniques)	31364 (472 uniques)	31364 (411 uniques)	21975 (387 uniques)	21975 (387 uniques)	21975 (387 uniques)	21975 (387 uniques)
END_CN22_33_S84_L001	34155	26653	26653	26653 (11291 uniques)	25654 (672 uniques)	23382 (485 uniques)	23209 (471 uniques)	23200 (470 uniques)	23200 (470 uniques)	23200 (408 uniques)	19323 (383 uniques)	19323 (383 uniques)	19323 (383 uniques)	19323 (383 uniques)
END_CN22_35_S86_L001	48575	38615	38615	38615 (15699 uniques)	37516 (793 uniques)	34715 (571 uniques)	34400 (554 uniques)	34400 (554 uniques)	34400 (554 uniques)	34400 (480 uniques)	30195 (451 uniques)	30193 (450 uniques)	30193 (450 uniques)	30193 (450 uniques)
END_CN22_36_S87_L001	65944	50400	50400	50400 (20790 uniques)	49397 (897 uniques)	46493 (694 uniques)	46199 (657 uniques)	46169 (655 uniques)	46169 (655 uniques)	46169 (543 uniques)	37483 (506 uniques)	37481 (505 uniques)	37481 (505 uniques)	37481 (505 uniques)
END_CN22_37_S88_L001	39157	30581	30581	30581 (12670 uniques)	29588 (699 uniques)	27199 (504 uniques)	26681 (473 uniques)	26681 (473 uniques)	26681 (473 uniques)	26681 (411 uniques)	20898 (380 uniques)	20898 (380 uniques)	20898 (380 uniques)	20898 (380 uniques)
END_CN22_38_S89_L001	66878	52285	52285	52285 (18880 uniques)	51565 (784 uniques)	49417 (712 uniques)	47384 (592 uniques)	47310 (590 uniques)	47310 (590 uniques)	47310 (476 uniques)	33476 (430 uniques)	33476 (430 uniques)	33476 (430 uniques)	33476 (430 uniques)
END_CN22_39_1_S90_L001	54123	42387	42387	42387 (16531 uniques)	41171 (884 uniques)	38294 (631 uniques)	38076 (615 uniques)	38060 (613 uniques)	38060 (613 uniques)	38060 (524 uniques)	31490 (502 uniques)	31488 (501 uniques)	31488 (501 uniques)	31488 (501 uniques)
END_CN22_39_2_S91_L001	70424	55385	55385	55385 (21444 uniques)	54109 (958 uniques)	51198 (746 uniques)	50826 (704 uniques)	50824 (703 uniques)	50824 (703 uniques)	50824 (583 uniques)	43309 (558 uniques)	43305 (556 uniques)	43305 (556 uniques)	43305 (556 uniques)
END_CN22_40_1_S92_L001	54266	42266	42266	42266 (17903 uniques)	41050 (961 uniques)	37687 (711 uniques)	37420 (688 uniques)	37416 (687 uniques)	37416 (687 uniques)	37416 (564 uniques)	31859 (531 uniques)	31855 (529 uniques)	31855 (529 uniques)	31855 (529 uniques)
END_CN22_40_S93_L001	38485	29550	29550	29550 (12664 uniques)	28463 (740 uniques)	26007 (538 uniques)	25926 (519 uniques)	25922 (518 uniques)	25922 (518 uniques)	25922 (443 uniques)	22198 (424 uniques)	22198 (424 uniques)	22198 (424 uniques)	22198 (424 uniques)
END_CN22_41_S94_L001	34111	27336	27336	27336 (11608 uniques)	26357 (640 uniques)	24244 (464 uniques)	24071 (449 uniques)	24064 (447 uniques)	24064 (447 uniques)	24064 (389 uniques)	19327 (361 uniques)	19323 (359 uniques)	19323 (359 uniques)	19323 (359 uniques)
END_CN22_43_S95_L001	50971	39753	39753	39753 (16689 uniques)	38753 (745 uniques)	36110 (568 uniques)	35902 (541 uniques)	35891 (538 uniques)	35891 (538 uniques)	35891 (438 uniques)	30246 (413 uniques)	30242 (411 uniques)	30242 (411 uniques)	30242 (411 uniques)
END_CN22_44_S96_L001	56154	43698	43698	43698 (17636 uniques)	42526 (885 uniques)	39851 (690 uniques)	39602 (667 uniques)	39602 (667 uniques)	39602 (667 uniques)	39602 (550 uniques)	31466 (523 uniques)	31464 (522 uniques)	31464 (522 uniques)	31464 (522 uniques)
END_CN22_45_S146_L001	27863	21885	21885	21885 (11880 uniques)	20727 (441 uniques)	18835 (333 uniques)	18349 (311 uniques)	18349 (311 uniques)	18349 (311 uniques)	18349 (267 uniques)	14724 (239 uniques)	14724 (239 uniques)	14724 (239 uniques)	14724 (239 uniques)
END_CN22_46_S147_L001	53273	40596	40596	40596 (19751 uniques)	39409 (645 uniques)	36718 (524 uniques)	35660 (467 uniques)	35660 (467 uniques)	35660 (467 uniques)	35660 (391 uniques)	29656 (364 uniques)	29654 (363 uniques)	29654 (363 uniques)	29654 (363 uniques)
END_CN22_47_2_S149_L001	52298	41046	41046	41046 (20510 uniques)	39717 (732 uniques)	36613 (599 uniques)	35171 (505 uniques)	35171 (505 uniques)	35171 (505 uniques)	35171 (423 uniques)	31796 (396 uniques)	31796 (396 uniques)	31796 (396 uniques)	31796 (396 uniques)
END_CN22_47_S148_L001	68457	52600	52600	52600 (24152 uniques)	51051 (782 uniques)	47676 (613 uniques)	45935 (536 uniques)	45931 (535 uniques)	45931 (535 uniques)	45931 (449 uniques)	34078 (416 uniques)	34076 (415 uniques)	34076 (415 uniques)	34076 (415 uniques)
END_CN22_48_S150_L001	51546	39492	39492	39492 (21924 uniques)	37850 (872 uniques)	33987 (677 uniques)	32378 (596 uniques)	32378 (596 uniques)	32378 (596 uniques)	32378 (516 uniques)	25918 (480 uniques)	25914 (478 uniques)	25914 (478 uniques)	25914 (478 uniques)
END_CN22_49_S151_L001	56854	44595	44595	44595 (23352 uniques)	43142 (841 uniques)	39558 (652 uniques)	38787 (606 uniques)	38787 (606 uniques)	38787 (606 uniques)	38787 (510 uniques)	32742 (466 uniques)	32742 (466 uniques)	32742 (466 uniques)	32742 (466 uniques)
END_CN22_5_S53_L001	23750	18127	18127	18127 (7292 uniques)	17379 (407 uniques)	16114 (298 uniques)	15895 (288 uniques)	15895 (288 uniques)	15895 (288 uniques)	15895 (249 uniques)	10719 (230 uniques)	10719 (230 uniques)	10719 (230 uniques)	10719 (230 uniques)
END_CN22_6_S54_L001	22723	17645	17645	17645 (7500 uniques)	16787 (479 uniques)	15150 (328 uniques)	15029 (320 uniques)	15029 (320 uniques)	15029 (320 uniques)	15029 (292 uniques)	10016 (279 uniques)	10016 (279 uniques)	10016 (279 uniques)	10016 (279 uniques)
END_CN22_7_S55_L001	20705	15988	15988	15988 (6312 uniques)	15415 (334 uniques)	14329 (274 uniques)	13475 (220 uniques)	13475 (220 uniques)	13475 (220 uniques)	13475 (197 uniques)	7968 (180 uniques)	7962 (177 uniques)	7962 (177 uniques)	7962 (177 uniques)
END_CN22_8_S56_L001	15876	12285	12285	12285 (5230 uniques)	11690 (331 uniques)	10481 (216 uniques)	10434 (207 uniques)	10434 (207 uniques)	10434 (207 uniques)	10434 (182 uniques)	8474 (161 uniques)	8474 (161 uniques)	8474 (161 uniques)	8474 (161 uniques)
END_CN22_902_S58_L001	17119	13280	13280	13280 (5690 uniques)	12614 (358 uniques)	11235 (228 uniques)	11196 (226 uniques)	11196 (226 uniques)	11196 (226 uniques)	11196 (211 uniques)	8185 (193 uniques)	8185 (193 uniques)	8185 (193 uniques)	8185 (193 uniques)
END_CN22_9_1_S57_L001	18420	14385	14385	14385 (6157 uniques)	13696 (363 uniques)	12383 (246 uniques)	12330 (240 uniques)	12330 (240 uniques)	12330 (240 uniques)	12330 (210 uniques)	8205 (189 uniques)	8205 (189 uniques)	8205 (189 uniques)	8205 (189 uniques)
END_DL22_10_S105_L001	59503	46523	46523	46523 (21600 uniques)	45161 (707 uniques)	42525 (587 uniques)	40945 (506 uniques)	40905 (504 uniques)	40905 (504 uniques)	40905 (424 uniques)	34970 (386 uniques)	34968 (385 uniques)	34968 (385 uniques)	34968 (385 uniques)
END_DL22_11_S106_L001	63918	50647	50647	50647 (17484 uniques)	49873 (320 uniques)	48535 (303 uniques)	45132 (204 uniques)	44375 (189 uniques)	44375 (189 uniques)	44375 (163 uniques)	43320 (152 uniques)	43320 (152 uniques)	43320 (152 uniques)	43320 (152 uniques)
END_DL22_12_S107_L001	69999	53524	53524	53524 (25155 uniques)	52395 (658 uniques)	49784 (600 uniques)	47580 (481 uniques)	47564 (479 uniques)	47564 (479 uniques)	47564 (409 uniques)	40493 (374 uniques)	40491 (373 uniques)	40491 (373 uniques)	40491 (373 uniques)
END_DL22_13_S108_L001	62109	49102	49102	49102 (20349 uniques)	47972 (516 uniques)	45983 (438 uniques)	44636 (363 uniques)	44447 (353 uniques)	44447 (353 uniques)	44447 (317 uniques)	41226 (298 uniques)	41224 (297 uniques)	41224 (297 uniques)	41224 (297 uniques)
END_DL22_14_S109_L001	80594	62903	62903	62903 (29272 uniques)	61426 (928 uniques)	57862 (753 uniques)	52080 (638 uniques)	52080 (638 uniques)	52080 (638 uniques)	52080 (538 uniques)	46394 (501 uniques)	46394 (501 uniques)	46394 (501 uniques)	46394 (501 uniques)
END_DL22_16_S110_L001	54210	43894	43894	43894 (16442 uniques)	43417 (221 uniques)	42715 (252 uniques)	37385 (152 uniques)	37056 (140 uniques)	37056 (140 uniques)	37056 (125 uniques)	27501 (112 uniques)	27501 (112 uniques)	27501 (112 uniques)	27501 (112 uniques)
END_DL22_18_S111_L001	48801	38135	38135	38135 (16754 uniques)	37021 (578 uniques)	34907 (449 uniques)	34096 (411 uniques)	34096 (411 uniques)	34096 (411 uniques)	34096 (362 uniques)	29924 (334 uniques)	29924 (334 uniques)	29924 (334 uniques)	29924 (334 uniques)
END_DL22_20_1_S112_L001	46543	35509	35509	35509 (17814 uniques)	34379 (729 uniques)	31546 (599 uniques)	29697 (512 uniques)	29697 (512 uniques)	29697 (512 uniques)	29697 (447 uniques)	25541 (417 uniques)	25541 (417 uniques)	25541 (417 uniques)	25541 (417 uniques)
END_DL22_20_2_S113_L001	56271	44280	44280	44280 (21146 uniques)	43000 (734 uniques)	40345 (627 uniques)	38862 (531 uniques)	38862 (531 uniques)	38862 (531 uniques)	38862 (445 uniques)	32456 (416 uniques)	32456 (416 uniques)	32456 (416 uniques)	32456 (416 uniques)
END_DL22_22_S114_L001	59268	45925	45925	45925 (20341 uniques)	45000 (604 uniques)	42269 (512 uniques)	38351 (407 uniques)	38171 (402 uniques)	38171 (402 uniques)	38171 (347 uniques)	34574 (317 uniques)	34570 (315 uniques)	34570 (315 uniques)	34570 (315 uniques)
END_DL22_23_S115_L001	58192	45241	45241	45241 (17088 uniques)	44688 (322 uniques)	43456 (310 uniques)	36828 (213 uniques)	36613 (206 uniques)	36613 (206 uniques)	36613 (185 uniques)	28109 (172 uniques)	28109 (172 uniques)	28109 (172 uniques)	28109 (172 uniques)
END_DL22_24_S116_L001	65761	51111	51111	51111 (20958 uniques)	50497 (328 uniques)	48962 (317 uniques)	44098 (216 uniques)	43886 (207 uniques)	43886 (207 uniques)	43886 (185 uniques)	38031 (160 uniques)	38031 (160 uniques)	38031 (160 uniques)	38031 (160 uniques)
END_DL22_25_1_S117_L001	62855	47367	47367	47367 (20151 uniques)	46505 (422 uniques)	44399 (371 uniques)	38101 (268 uniques)	38101 (268 uniques)	38101 (268 uniques)	38101 (227 uniques)	35263 (198 uniques)	35263 (198 uniques)	35263 (198 uniques)	35263 (198 uniques)
END_DL22_25_2_S118_L001	52774	42431	42431	42431 (20855 uniques)	41019 (698 uniques)	38811 (629 uniques)	37232 (540 uniques)	37230 (539 uniques)	37230 (539 uniques)	37230 (443 uniques)	32409 (409 uniques)	32409 (409 uniques)	32409 (409 uniques)	32409 (409 uniques)
END_DL22_26_1_S119_L001	58900	45792	45792	45792 (22459 uniques)	44199 (868 uniques)	40792 (639 uniques)	40497 (617 uniques)	40490 (615 uniques)	40490 (615 uniques)	40490 (535 uniques)	33420 (496 uniques)	33418 (495 uniques)	33418 (495 uniques)	33418 (495 uniques)
END_DL22_26_2_S120_L001	65141	50584	50584	50584 (22308 uniques)	49450 (717 uniques)	47089 (587 uniques)	46539 (550 uniques)	46539 (550 uniques)	46539 (550 uniques)	46539 (443 uniques)	40072 (408 uniques)	40072 (408 uniques)	40072 (408 uniques)	40072 (408 uniques)
END_DL22_28_S121_L001	39353	32457	32457	32457 (12905 uniques)	31975 (246 uniques)	31059 (258 uniques)	25650 (161 uniques)	25499 (155 uniques)	25499 (155 uniques)	25499 (136 uniques)	22639 (120 uniques)	22639 (120 uniques)	22639 (120 uniques)	22639 (120 uniques)
END_DL22_2_S98_L001	53302	41240	41240	41240 (19232 uniques)	40090 (588 uniques)	37895 (505 uniques)	36432 (421 uniques)	36432 (421 uniques)	36432 (421 uniques)	36432 (349 uniques)	24827 (312 uniques)	24825 (311 uniques)	24825 (311 uniques)	24825 (311 uniques)
END_DL22_30_S122_L001	45790	36709	36709	36709 (15381 uniques)	35793 (476 uniques)	34271 (420 uniques)	32468 (331 uniques)	32422 (328 uniques)	32422 (328 uniques)	32422 (299 uniques)	30284 (287 uniques)	30284 (287 uniques)	30284 (287 uniques)	30284 (287 uniques)
END_DL22_31_S123_L001	49190	38471	38471	38471 (18569 uniques)	37157 (694 uniques)	34638 (562 uniques)	33518 (503 uniques)	33516 (502 uniques)	33516 (502 uniques)	33516 (445 uniques)	29469 (415 uniques)	29469 (415 uniques)	29469 (415 uniques)	29469 (415 uniques)
END_DL22_32_S124_L001	54590	42223	42223	42223 (16622 uniques)	41747 (326 uniques)	40474 (314 uniques)	34527 (212 uniques)	34297 (208 uniques)	34297 (208 uniques)	34297 (187 uniques)	30362 (158 uniques)	30362 (158 uniques)	30362 (158 uniques)	30362 (158 uniques)
END_DL22_33_S125_L001	42902	35135	35135	35135 (13967 uniques)	34453 (408 uniques)	33050 (382 uniques)	29636 (283 uniques)	29558 (281 uniques)	29558 (281 uniques)	29558 (252 uniques)	25186 (230 uniques)	25186 (230 uniques)	25186 (230 uniques)	25186 (230 uniques)
END_DL22_34_S126_L001	55603	43905	43905	43905 (20811 uniques)	43027 (647 uniques)	40674 (566 uniques)	35288 (463 uniques)	35233 (460 uniques)	35233 (460 uniques)	35233 (408 uniques)	27237 (369 uniques)	27237 (369 uniques)	27237 (369 uniques)	27237 (369 uniques)
END_DL22_35_1_S127_L001	52701	41628	41628	41628 (21515 uniques)	40277 (749 uniques)	37287 (608 uniques)	35185 (520 uniques)	35171 (517 uniques)	35171 (517 uniques)	35171 (441 uniques)	30183 (414 uniques)	30183 (414 uniques)	30183 (414 uniques)	30183 (414 uniques)
END_DL22_35_2_S128_L001	73699	57345	57345	57345 (24791 uniques)	56325 (640 uniques)	53784 (544 uniques)	47950 (438 uniques)	47904 (435 uniques)	47904 (435 uniques)	47904 (366 uniques)	34146 (333 uniques)	34144 (332 uniques)	34144 (332 uniques)	34144 (332 uniques)
END_DL22_36_S129_L001	54815	42356	42356	42356 (19631 uniques)	41527 (475 uniques)	39465 (412 uniques)	38184 (338 uniques)	38173 (337 uniques)	38173 (337 uniques)	38173 (273 uniques)	32422 (246 uniques)	32420 (245 uniques)	32420 (245 uniques)	32420 (245 uniques)
END_DL22_37_S130_L001	62267	48315	48315	48315 (23788 uniques)	46931 (843 uniques)	43290 (701 uniques)	39795 (589 uniques)	39777 (588 uniques)	39777 (588 uniques)	39777 (506 uniques)	33847 (462 uniques)	33847 (462 uniques)	33847 (462 uniques)	33847 (462 uniques)
END_DL22_38_S131_L001	54075	41710	41710	41710 (17666 uniques)	40995 (344 uniques)	39616 (319 uniques)	32710 (220 uniques)	32526 (216 uniques)	32526 (216 uniques)	32526 (195 uniques)	26972 (180 uniques)	26972 (180 uniques)	26972 (180 uniques)	26972 (180 uniques)
END_DL22_39_S132_L001	70313	55918	55918	55918 (22030 uniques)	55408 (359 uniques)	53851 (347 uniques)	47689 (243 uniques)	47447 (240 uniques)	47447 (240 uniques)	47447 (205 uniques)	40191 (183 uniques)	40191 (183 uniques)	40191 (183 uniques)	40191 (183 uniques)
END_DL22_3_S99_L001	62446	49363	49363	49363 (21401 uniques)	48630 (457 uniques)	46857 (423 uniques)	39094 (319 uniques)	39094 (319 uniques)	39094 (319 uniques)	39094 (278 uniques)	30526 (258 uniques)	30520 (255 uniques)	30520 (255 uniques)	30520 (255 uniques)
END_DL22_40_S133_L001	52338	42077	42077	42077 (17983 uniques)	41164 (520 uniques)	39736 (492 uniques)	37147 (386 uniques)	37147 (386 uniques)	37147 (386 uniques)	37147 (329 uniques)	32834 (308 uniques)	32832 (307 uniques)	32832 (307 uniques)	32832 (307 uniques)
END_DL22_41_S134_L001	64237	50557	50557	50557 (25149 uniques)	49267 (728 uniques)	46249 (604 uniques)	26464 (504 uniques)	26464 (504 uniques)	26464 (504 uniques)	26464 (449 uniques)	21561 (411 uniques)	21559 (410 uniques)	21559 (410 uniques)	21559 (410 uniques)
END_DL22_42_S135_L001	52317	40864	40864	40864 (15724 uniques)	40222 (352 uniques)	38738 (345 uniques)	36611 (244 uniques)	36469 (241 uniques)	36469 (241 uniques)	36469 (207 uniques)	28124 (182 uniques)	28124 (182 uniques)	28124 (182 uniques)	28124 (182 uniques)
END_DL22_43_S136_L001	52775	42350	42350	42350 (18390 uniques)	41476 (473 uniques)	39887 (431 uniques)	38168 (348 uniques)	38168 (348 uniques)	38168 (348 uniques)	38168 (297 uniques)	31507 (269 uniques)	31507 (269 uniques)	31507 (269 uniques)	31507 (269 uniques)
END_DL22_46_S137_L001	67448	53259	53259	53259 (22613 uniques)	52016 (728 uniques)	49252 (601 uniques)	47597 (511 uniques)	47538 (508 uniques)	47538 (508 uniques)	47538 (432 uniques)	42463 (393 uniques)	42461 (392 uniques)	42461 (392 uniques)	42461 (392 uniques)
END_DL22_47_S138_L001	72152	56322	56322	56322 (26802 uniques)	55383 (730 uniques)	53004 (645 uniques)	28265 (532 uniques)	28229 (531 uniques)	28229 (531 uniques)	28229 (455 uniques)	26002 (430 uniques)	25994 (426 uniques)	25994 (426 uniques)	25994 (426 uniques)
END_DL22_49_S139_L001	64078	50661	50661	50661 (19639 uniques)	49660 (403 uniques)	48122 (360 uniques)	46615 (288 uniques)	46245 (282 uniques)	46245 (282 uniques)	46245 (247 uniques)	40049 (230 uniques)	40045 (228 uniques)	40045 (228 uniques)	40045 (228 uniques)
END_DL22_50_S140_L001	56836	44005	44005	44005 (20684 uniques)	42820 (757 uniques)	40097 (673 uniques)	36768 (549 uniques)	36768 (549 uniques)	36768 (549 uniques)	36768 (461 uniques)	30332 (425 uniques)	30332 (425 uniques)	30332 (425 uniques)	30332 (425 uniques)
END_DL22_51_S141_L001	62797	48176	48176	48176 (20674 uniques)	47325 (485 uniques)	45387 (441 uniques)	40167 (338 uniques)	40001 (334 uniques)	40001 (334 uniques)	40001 (292 uniques)	32237 (257 uniques)	32237 (257 uniques)	32237 (257 uniques)	32237 (257 uniques)
END_DL22_54_S142_L001	70882	57906	57906	57906 (19850 uniques)	57139 (468 uniques)	55752 (436 uniques)	50566 (330 uniques)	49987 (313 uniques)	49987 (313 uniques)	49987 (275 uniques)	48737 (258 uniques)	48736 (257 uniques)	48736 (257 uniques)	48736 (257 uniques)
END_DL22_55_S143_L001	50117	40562	40562	40562 (20156 uniques)	39238 (838 uniques)	36448 (655 uniques)	35252 (598 uniques)	35252 (598 uniques)	35252 (598 uniques)	35252 (518 uniques)	32283 (490 uniques)	32283 (490 uniques)	32283 (490 uniques)	32283 (490 uniques)
END_DL22_56_S144_L001	51084	41494	41494	41494 (17622 uniques)	40618 (480 uniques)	38776 (436 uniques)	36617 (333 uniques)	36573 (332 uniques)	36573 (332 uniques)	36573 (293 uniques)	30276 (275 uniques)	30276 (275 uniques)	30276 (275 uniques)	30276 (275 uniques)
END_DL22_57_S145_L001	41289	32097	32097	32097 (14841 uniques)	31318 (385 uniques)	29799 (354 uniques)	24715 (253 uniques)	24701 (252 uniques)	24701 (252 uniques)	24701 (233 uniques)	21373 (205 uniques)	21371 (204 uniques)	21371 (204 uniques)	21371 (204 uniques)
END_DL22_5_S100_L001	69609	54874	54874	54874 (21682 uniques)	53765 (600 uniques)	51758 (539 uniques)	47108 (433 uniques)	46720 (423 uniques)	46720 (423 uniques)	46720 (365 uniques)	44890 (345 uniques)	44890 (345 uniques)	44890 (345 uniques)	44890 (345 uniques)
END_DL22_6_S101_L001	56750	44491	44491	44491 (18354 uniques)	43752 (323 uniques)	42365 (298 uniques)	38898 (200 uniques)	38734 (196 uniques)	38734 (196 uniques)	38734 (174 uniques)	28840 (156 uniques)	28838 (155 uniques)	28838 (155 uniques)	28838 (155 uniques)
END_DL22_7_S102_L001	56357	43653	43653	43653 (19180 uniques)	43002 (433 uniques)	41311 (411 uniques)	35613 (308 uniques)	35572 (306 uniques)	35572 (306 uniques)	35572 (257 uniques)	28523 (236 uniques)	28521 (235 uniques)	28521 (235 uniques)	28521 (235 uniques)
END_DL22_8_S103_L001	66110	52431	52431	52431 (24655 uniques)	51274 (631 uniques)	48970 (565 uniques)	43289 (461 uniques)	43289 (461 uniques)	43289 (461 uniques)	43289 (396 uniques)	38312 (361 uniques)	38310 (360 uniques)	38310 (360 uniques)	38310 (360 uniques)
END_DL22_9_S104_L001	60222	46539	46539	46539 (18917 uniques)	45908 (358 uniques)	44716 (371 uniques)	40856 (254 uniques)	40782 (252 uniques)	40782 (252 uniques)	40782 (214 uniques)	27422 (182 uniques)	27422 (182 uniques)	27422 (182 uniques)	27422 (182 uniques)
END_PS11_24_S21_L001	35841	27978	27978	27978 (12305 uniques)	26954 (644 uniques)	24702 (494 uniques)	24189 (459 uniques)	24189 (459 uniques)	24189 (459 uniques)	24189 (381 uniques)	20381 (359 uniques)	20379 (358 uniques)	20379 (358 uniques)	20379 (358 uniques)
END_PS11_37_1_S33_L001	27061	23048	23048	23048 (10095 uniques)	21947 (615 uniques)	20055 (466 uniques)	19828 (451 uniques)	19811 (450 uniques)	19811 (450 uniques)	19811 (396 uniques)	17492 (374 uniques)	17492 (374 uniques)	17492 (374 uniques)	17492 (374 uniques)
END_PS11_46_3_S45_L001	51958	40659	40659	40659 (18785 uniques)	39249 (918 uniques)	35975 (673 uniques)	35380 (637 uniques)	35380 (637 uniques)	35380 (637 uniques)	35380 (541 uniques)	30613 (519 uniques)	30611 (518 uniques)	30611 (518 uniques)	30611 (518 uniques)
END_PS11_9_S9_L001	58512	44453	44453	44453 (15550 uniques)	43231 (702 uniques)	40466 (514 uniques)	40281 (499 uniques)	40079 (493 uniques)	40079 (493 uniques)	40079 (425 uniques)	37253 (399 uniques)	37251 (398 uniques)	37251 (398 uniques)	37251 (398 uniques)
END_PS22_10_1_S10_L001	55787	43417	43417	43417 (16707 uniques)	42149 (815 uniques)	39215 (614 uniques)	39078 (592 uniques)	38991 (589 uniques)	38991 (589 uniques)	38991 (494 uniques)	36551 (473 uniques)	36551 (473 uniques)	36551 (473 uniques)	36551 (473 uniques)
END_PS22_10_25_S22_L001	46586	35666	35666	35666 (15222 uniques)	34473 (808 uniques)	31710 (586 uniques)	31654 (577 uniques)	31654 (577 uniques)	31654 (577 uniques)	31654 (499 uniques)	29486 (478 uniques)	29486 (478 uniques)	29486 (478 uniques)	29486 (478 uniques)
END_PS22_10_26_S23_L001	50903	38149	38149	38149 (16318 uniques)	36805 (792 uniques)	33999 (585 uniques)	33808 (565 uniques)	33808 (565 uniques)	33808 (565 uniques)	33808 (481 uniques)	27630 (447 uniques)	27630 (447 uniques)	27630 (447 uniques)	27630 (447 uniques)
END_PS22_10_2_S11_L001	63191	49341	49341	49341 (18249 uniques)	48126 (846 uniques)	45412 (672 uniques)	45282 (645 uniques)	45214 (642 uniques)	45214 (642 uniques)	45214 (532 uniques)	42974 (512 uniques)	42974 (512 uniques)	42974 (512 uniques)	42974 (512 uniques)
END_PS22_13_S12_L001	55270	44120	44120	44120 (16065 uniques)	42920 (739 uniques)	40360 (570 uniques)	40224 (554 uniques)	40073 (547 uniques)	40073 (547 uniques)	40073 (446 uniques)	37891 (421 uniques)	37889 (420 uniques)	37889 (420 uniques)	37889 (420 uniques)
END_PS22_14_S13_L001	58961	44824	44824	44824 (16403 uniques)	43683 (798 uniques)	40775 (584 uniques)	40524 (565 uniques)	40248 (560 uniques)	40248 (560 uniques)	40248 (472 uniques)	34597 (446 uniques)	34595 (445 uniques)	34595 (445 uniques)	34595 (445 uniques)
END_PS22_15_S14_L001	49493	41225	41225	41225 (16523 uniques)	40158 (880 uniques)	37362 (682 uniques)	37244 (653 uniques)	37236 (652 uniques)	37236 (652 uniques)	37236 (513 uniques)	29820 (473 uniques)	29820 (473 uniques)	29820 (473 uniques)	29820 (473 uniques)
END_PS22_16_S15_L001	67033	51707	51707	51707 (19708 uniques)	50328 (885 uniques)	47111 (672 uniques)	46637 (628 uniques)	46428 (624 uniques)	46428 (624 uniques)	46428 (532 uniques)	42840 (495 uniques)	42840 (495 uniques)	42840 (495 uniques)	42840 (495 uniques)
END_PS22_17_S16_L001	51139	41062	41062	41062 (14422 uniques)	39784 (855 uniques)	37236 (647 uniques)	37105 (626 uniques)	36947 (619 uniques)	36947 (619 uniques)	36947 (526 uniques)	33435 (498 uniques)	33431 (496 uniques)	33431 (496 uniques)	33431 (496 uniques)
END_PS22_19_S17_L001	50224	38471	38471	38471 (16014 uniques)	37135 (819 uniques)	34035 (587 uniques)	31598 (572 uniques)	31598 (572 uniques)	31598 (572 uniques)	31598 (482 uniques)	29222 (455 uniques)	29222 (455 uniques)	29222 (455 uniques)	29222 (455 uniques)
END_PS22_23_S20_L001	49008	37127	37127	37127 (15431 uniques)	35685 (819 uniques)	32547 (593 uniques)	32358 (571 uniques)	32287 (568 uniques)	32287 (568 uniques)	32287 (485 uniques)	24964 (460 uniques)	24964 (460 uniques)	24964 (460 uniques)	24964 (460 uniques)
END_PS22_27_S24_L001	36463	28362	28362	28362 (12046 uniques)	27208 (611 uniques)	24978 (458 uniques)	24767 (433 uniques)	24576 (427 uniques)	24576 (427 uniques)	24576 (365 uniques)	21548 (347 uniques)	21548 (347 uniques)	21548 (347 uniques)	21548 (347 uniques)
END_PS22_28_S25_L001	51802	40351	40351	40351 (15580 uniques)	39165 (806 uniques)	36743 (624 uniques)	36578 (605 uniques)	36521 (602 uniques)	36521 (602 uniques)	36521 (507 uniques)	29898 (482 uniques)	29896 (481 uniques)	29896 (481 uniques)	29896 (481 uniques)
END_PS22_29_1_S26_L001	42614	32933	32933	32933 (14094 uniques)	31792 (684 uniques)	29543 (521 uniques)	29203 (496 uniques)	29177 (494 uniques)	29177 (494 uniques)	29177 (426 uniques)	27270 (402 uniques)	27270 (402 uniques)	27270 (402 uniques)	27270 (402 uniques)
END_PS22_29_2_S27_L001	61616	46141	46141	46141 (20044 uniques)	44681 (1044 uniques)	41109 (777 uniques)	40904 (759 uniques)	40904 (759 uniques)	40904 (759 uniques)	40904 (649 uniques)	38752 (620 uniques)	38750 (619 uniques)	38750 (619 uniques)	38750 (619 uniques)
END_PS22_30_S28_L001	44268	35113	35113	35113 (13597 uniques)	34400 (623 uniques)	32717 (513 uniques)	31984 (462 uniques)	31984 (462 uniques)	31984 (462 uniques)	31984 (388 uniques)	25899 (363 uniques)	25899 (363 uniques)	25899 (363 uniques)	25899 (363 uniques)
END_PS22_31_S29_L001	46608	35916	35916	35916 (16099 uniques)	34668 (860 uniques)	31763 (649 uniques)	31536 (628 uniques)	31524 (626 uniques)	31524 (626 uniques)	31524 (541 uniques)	28424 (514 uniques)	28424 (514 uniques)	28424 (514 uniques)	28424 (514 uniques)
END_PS22_32_1_S30_L001	55616	42618	42618	42618 (17089 uniques)	41256 (808 uniques)	38146 (573 uniques)	37925 (547 uniques)	37889 (544 uniques)	37889 (544 uniques)	37889 (468 uniques)	26732 (444 uniques)	26728 (442 uniques)	26728 (442 uniques)	26728 (442 uniques)
END_PS22_33_S31_L001	47256	37150	37150	37150 (16302 uniques)	35714 (989 uniques)	32469 (735 uniques)	32327 (716 uniques)	32325 (715 uniques)	32325 (715 uniques)	32325 (624 uniques)	28293 (585 uniques)	28289 (583 uniques)	28289 (583 uniques)	28289 (583 uniques)
END_PS22_36_S32_L001	42154	31834	31834	31834 (13430 uniques)	30767 (637 uniques)	28632 (453 uniques)	28465 (445 uniques)	28465 (445 uniques)	28465 (445 uniques)	28465 (393 uniques)	18963 (371 uniques)	18963 (371 uniques)	18963 (371 uniques)	18963 (371 uniques)
END_PS22_37_2_S34_L001	48453	36841	36841	36841 (15987 uniques)	35342 (850 uniques)	32342 (615 uniques)	32286 (599 uniques)	32286 (599 uniques)	32286 (599 uniques)	32286 (515 uniques)	30356 (493 uniques)	30350 (490 uniques)	30350 (490 uniques)	30350 (490 uniques)
END_PS22_37_3_S35_L001	35329	27457	27457	27457 (12150 uniques)	26370 (657 uniques)	24154 (484 uniques)	23902 (463 uniques)	23902 (463 uniques)	23902 (463 uniques)	23902 (397 uniques)	20868 (381 uniques)	20868 (381 uniques)	20868 (381 uniques)	20868 (381 uniques)
END_PS22_38_S36_L001	36118	27822	27822	27822 (11795 uniques)	26899 (634 uniques)	24632 (460 uniques)	24487 (438 uniques)	24487 (438 uniques)	24487 (438 uniques)	24487 (372 uniques)	21139 (355 uniques)	21137 (354 uniques)	21137 (354 uniques)	21137 (354 uniques)
END_PS22_39_S37_L001	53707	41483	41483	41483 (16473 uniques)	40388 (794 uniques)	37756 (606 uniques)	36863 (546 uniques)	36836 (544 uniques)	36836 (544 uniques)	36836 (468 uniques)	33043 (447 uniques)	33043 (447 uniques)	33043 (447 uniques)	33043 (447 uniques)
END_PS22_3_S2_L001	74919	58320	58320	58320 (23108 uniques)	56763 (1043 uniques)	53015 (789 uniques)	52759 (760 uniques)	52759 (760 uniques)	52759 (760 uniques)	52759 (639 uniques)	42293 (598 uniques)	42287 (595 uniques)	42287 (595 uniques)	42287 (595 uniques)
END_PS22_40_S38_L001	52509	40155	40155	40155 (14572 uniques)	38939 (735 uniques)	36325 (504 uniques)	36119 (490 uniques)	35965 (485 uniques)	35965 (485 uniques)	35965 (415 uniques)	27333 (394 uniques)	27333 (394 uniques)	27333 (394 uniques)	27333 (394 uniques)
END_PS22_41_S39_L001	52030	40612	40612	40612 (16582 uniques)	39042 (932 uniques)	35481 (636 uniques)	35422 (620 uniques)	35420 (619 uniques)	35420 (619 uniques)	35420 (527 uniques)	31780 (509 uniques)	31778 (508 uniques)	31778 (508 uniques)	31778 (508 uniques)
END_PS22_42_S40_L001	62304	48371	48371	48371 (18375 uniques)	46997 (904 uniques)	43740 (641 uniques)	43388 (617 uniques)	43254 (614 uniques)	43254 (614 uniques)	43254 (515 uniques)	34716 (487 uniques)	34716 (487 uniques)	34716 (487 uniques)	34716 (487 uniques)
END_PS22_43_S41_L001	38206	30931	30931	30931 (13394 uniques)	29567 (846 uniques)	26572 (602 uniques)	26416 (581 uniques)	26416 (581 uniques)	26416 (581 uniques)	26416 (505 uniques)	21665 (466 uniques)	21659 (463 uniques)	21659 (463 uniques)	21659 (463 uniques)
END_PS22_44_S42_L001	43774	34697	34697	34697 (14552 uniques)	33289 (830 uniques)	30607 (603 uniques)	30404 (588 uniques)	30367 (587 uniques)	30367 (587 uniques)	30367 (520 uniques)	27582 (484 uniques)	27580 (483 uniques)	27580 (483 uniques)	27580 (483 uniques)
END_PS22_46_1_S43_L001	40357	31423	31423	31423 (12824 uniques)	30264 (820 uniques)	27775 (580 uniques)	27609 (563 uniques)	27609 (563 uniques)	27609 (563 uniques)	27609 (489 uniques)	24727 (453 uniques)	24723 (451 uniques)	24723 (451 uniques)	24723 (451 uniques)
END_PS22_46_2_S44_L001	33972	26123	26123	26123 (10838 uniques)	24975 (751 uniques)	22500 (537 uniques)	22493 (524 uniques)	22467 (523 uniques)	22467 (523 uniques)	22467 (446 uniques)	20590 (418 uniques)	20590 (418 uniques)	20590 (418 uniques)	20590 (418 uniques)
END_PS22_47_S46_L001	44912	34803	34803	34803 (13615 uniques)	33812 (706 uniques)	31143 (506 uniques)	30969 (489 uniques)	30933 (488 uniques)	30933 (488 uniques)	30933 (413 uniques)	26436 (391 uniques)	26436 (391 uniques)	26436 (391 uniques)	26436 (391 uniques)
END_PS22_49_1_S47_L001	35121	27116	27116	27116 (10982 uniques)	26143 (607 uniques)	24229 (457 uniques)	24032 (440 uniques)	23948 (435 uniques)	23948 (435 uniques)	23948 (378 uniques)	18104 (353 uniques)	18104 (353 uniques)	18104 (353 uniques)	18104 (353 uniques)
END_PS22_49_2_S48_L001	40728	32282	32282	32282 (13403 uniques)	31209 (724 uniques)	29013 (539 uniques)	28883 (525 uniques)	28883 (525 uniques)	28883 (525 uniques)	28883 (460 uniques)	22483 (442 uniques)	22483 (442 uniques)	22483 (442 uniques)	22483 (442 uniques)
END_PS22_49_3_S49_L001	29903	23384	23384	23384 (9677 uniques)	22369 (559 uniques)	20466 (393 uniques)	20399 (375 uniques)	20399 (375 uniques)	20399 (375 uniques)	20399 (317 uniques)	15765 (299 uniques)	15763 (298 uniques)	15763 (298 uniques)	15763 (298 uniques)
END_PS22_49_4_S50_L001	24832	18899	18899	18899 (7235 uniques)	18205 (426 uniques)	16705 (293 uniques)	16619 (286 uniques)	16616 (285 uniques)	16616 (285 uniques)	16616 (253 uniques)	12909 (239 uniques)	12909 (239 uniques)	12909 (239 uniques)	12909 (239 uniques)
END_PS22_4_S3_L001	71740	57437	57437	57437 (20945 uniques)	56258 (815 uniques)	53678 (656 uniques)	53248 (611 uniques)	53158 (608 uniques)	53158 (608 uniques)	53158 (485 uniques)	43528 (444 uniques)	43526 (443 uniques)	43526 (443 uniques)	43526 (443 uniques)
END_PS22_50_S51_L001	23008	17932	17932	17932 (7888 uniques)	16949 (538 uniques)	15091 (372 uniques)	15046 (368 uniques)	15046 (368 uniques)	15046 (368 uniques)	15046 (334 uniques)	12388 (309 uniques)	12388 (309 uniques)	12388 (309 uniques)	12388 (309 uniques)
END_PS22_5_S4_L001	81434	61340	61340	61340 (27023 uniques)	59927 (1053 uniques)	55824 (843 uniques)	54159 (766 uniques)	54159 (766 uniques)	54159 (766 uniques)	54159 (629 uniques)	49369 (593 uniques)	49367 (592 uniques)	49367 (592 uniques)	49367 (592 uniques)
END_PS22_6_S5_L001	36932	29757	29757	29757 (10277 uniques)	28881 (464 uniques)	27236 (336 uniques)	27102 (325 uniques)	26903 (314 uniques)	26903 (314 uniques)	26903 (262 uniques)	24698 (244 uniques)	24698 (244 uniques)	24698 (244 uniques)	24698 (244 uniques)
END_PS22_7_1_S6_L001	59694	47059	47059	47059 (19430 uniques)	45661 (965 uniques)	42576 (740 uniques)	42218 (707 uniques)	42218 (707 uniques)	42218 (707 uniques)	42218 (607 uniques)	38314 (570 uniques)	38310 (568 uniques)	38310 (568 uniques)	38310 (568 uniques)
END_PS22_7_20_S18_L001	51710	40212	40212	40212 (16804 uniques)	38786 (892 uniques)	35554 (629 uniques)	35401 (619 uniques)	35349 (617 uniques)	35349 (617 uniques)	35349 (533 uniques)	32727 (508 uniques)	32727 (508 uniques)	32727 (508 uniques)	32727 (508 uniques)
END_PS22_7_22_S19_L001	42629	32657	32657	32657 (13971 uniques)	31451 (641 uniques)	29162 (469 uniques)	28692 (442 uniques)	28692 (442 uniques)	28692 (442 uniques)	28692 (382 uniques)	23871 (356 uniques)	23871 (356 uniques)	23871 (356 uniques)	23871 (356 uniques)
END_PS22_7_2_S7_L001	65296	51433	51433	51433 (20015 uniques)	49853 (1007 uniques)	46528 (756 uniques)	46293 (721 uniques)	46255 (719 uniques)	46255 (719 uniques)	46255 (596 uniques)	40654 (567 uniques)	40654 (567 uniques)	40654 (567 uniques)	40654 (567 uniques)
END_PS22_8_S8_L001	71811	57227	57227	57227 (21490 uniques)	56114 (899 uniques)	53360 (743 uniques)	52923 (699 uniques)	52923 (699 uniques)	52923 (699 uniques)	52923 (554 uniques)	46711 (514 uniques)	46711 (514 uniques)	46711 (514 uniques)	46711 (514 uniques)
FLU10_S316_L001	17	/	/	/	/	/	/	/	/	/	/	/	/	/
FLU11_S317_L001	38824	5010	5010	5010 (2093 uniques)	4454 (60 uniques)	4297 (50 uniques)	4297 (49 uniques)	4297 (49 uniques)	4297 (49 uniques)	4297 (49 uniques)	4276 (46 uniques)	4276 (46 uniques)	4276 (46 uniques)	4276 (46 uniques)
FLU12_S318_L001	35315	1747	1747	1747 (1209 uniques)	1179 (35 uniques)	997 (27 uniques)	992 (26 uniques)	992 (26 uniques)	992 (26 uniques)	992 (26 uniques)	966 (23 uniques)	966 (23 uniques)	966 (23 uniques)	966 (23 uniques)
FLU13_S319_L001	26853	20680	20680	20680 (6623 uniques)	20583 (66 uniques)	20495 (60 uniques)	15450 (46 uniques)	15450 (46 uniques)	15450 (46 uniques)	15450 (40 uniques)	5344 (38 uniques)	5344 (38 uniques)	5344 (38 uniques)	5344 (38 uniques)
FLU14_S344_L001	33949	25872	25872	25872 (8704 uniques)	25653 (73 uniques)	24883 (57 uniques)	22689 (48 uniques)	22507 (43 uniques)	22507 (43 uniques)	22507 (36 uniques)	12384 (34 uniques)	12382 (33 uniques)	12382 (33 uniques)	12382 (33 uniques)
FLU15_S345_L001	13380	1863	1863	1863 (1752 uniques)	1817 (10 uniques)	1812 (8 uniques)	116 (7 uniques)	116 (7 uniques)	116 (7 uniques)	116 (7 uniques)	116 (7 uniques)	116 (7 uniques)	116 (7 uniques)	116 (7 uniques)
FLU16_S346_L001	15163	2118	2118	2118 (2000 uniques)	2072 (11 uniques)	114 (7 uniques)	114 (7 uniques)	114 (7 uniques)	114 (7 uniques)	114 (7 uniques)	114 (7 uniques)	114 (7 uniques)	114 (7 uniques)	114 (7 uniques)
FLU17_S347_L001	29238	1066	1066	1066 (780 uniques)	867 (25 uniques)	706 (17 uniques)	470 (16 uniques)	470 (16 uniques)	470 (16 uniques)	470 (16 uniques)	296 (15 uniques)	296 (15 uniques)	296 (15 uniques)	296 (15 uniques)
FLU18_S348_L001	33207	2214	2214	2214 (1534 uniques)	1857 (108 uniques)	1293 (76 uniques)	1233 (74 uniques)	1233 (74 uniques)	1233 (74 uniques)	1233 (73 uniques)	1014 (66 uniques)	1014 (66 uniques)	1014 (66 uniques)	1014 (66 uniques)
FLU19_S349_L001	16441	13006	13006	13006 (5427 uniques)	12936 (57 uniques)	12864 (54 uniques)	6578 (45 uniques)	6578 (45 uniques)	6578 (45 uniques)	6578 (43 uniques)	6417 (41 uniques)	6417 (41 uniques)	6417 (41 uniques)	6417 (41 uniques)
FLU1_S367_L001	32034	25128	25128	25128 (8376 uniques)	24990 (124 uniques)	24671 (107 uniques)	20291 (97 uniques)	20291 (97 uniques)	20291 (97 uniques)	20291 (85 uniques)	5101 (80 uniques)	5101 (80 uniques)	5101 (80 uniques)	5101 (80 uniques)
FLU20_S350_L001	35878	26008	26008	26008 (7828 uniques)	25887 (62 uniques)	25688 (54 uniques)	19052 (44 uniques)	19052 (44 uniques)	19052 (44 uniques)	19052 (37 uniques)	3526 (34 uniques)	3526 (34 uniques)	3526 (34 uniques)	3526 (34 uniques)
FLU21_S351_L001	27796	8409	8409	8409 (5077 uniques)	8153 (121 uniques)	4999 (77 uniques)	4999 (77 uniques)	4999 (77 uniques)	4999 (77 uniques)	4999 (72 uniques)	3776 (63 uniques)	3776 (63 uniques)	3776 (63 uniques)	3776 (63 uniques)
FLU22_S352_L001	16615	2297	2297	2297 (2178 uniques)	2221 (26 uniques)	2189 (16 uniques)	125 (15 uniques)	125 (15 uniques)	125 (15 uniques)	125 (15 uniques)	113 (12 uniques)	113 (12 uniques)	113 (12 uniques)	113 (12 uniques)
FLU23_S353_L001	42101	1747	1747	1747 (1155 uniques)	1083 (37 uniques)	957 (29 uniques)	957 (29 uniques)	957 (29 uniques)	957 (29 uniques)	957 (27 uniques)	854 (25 uniques)	854 (25 uniques)	854 (25 uniques)	854 (25 uniques)
FLU24_S354_L001	32845	2594	2594	2594 (1447 uniques)	2041 (41 uniques)	2011 (35 uniques)	2003 (34 uniques)	2003 (34 uniques)	2003 (34 uniques)	2003 (33 uniques)	1817 (32 uniques)	1817 (32 uniques)	1817 (32 uniques)	1817 (32 uniques)
FLU25_S355_L001	26256	20332	20332	20332 (8783 uniques)	20161 (253 uniques)	19723 (221 uniques)	15999 (210 uniques)	15999 (210 uniques)	15999 (210 uniques)	15999 (192 uniques)	8920 (170 uniques)	8920 (170 uniques)	8920 (170 uniques)	8920 (170 uniques)
FLU26_S356_L001	26088	18082	18082	18082 (6568 uniques)	17978 (57 uniques)	17471 (52 uniques)	11670 (44 uniques)	11670 (44 uniques)	11670 (44 uniques)	11670 (39 uniques)	4289 (38 uniques)	4289 (38 uniques)	4289 (38 uniques)	4289 (38 uniques)
FLU27_S357_L001	14088	2271	2271	2271 (2087 uniques)	2130 (38 uniques)	240 (20 uniques)	240 (20 uniques)	240 (20 uniques)	240 (20 uniques)	240 (20 uniques)	215 (19 uniques)	215 (19 uniques)	215 (19 uniques)	215 (19 uniques)
FLU28_S358_L001	22183	2939	2939	2939 (2823 uniques)	2861 (9 uniques)	79 (6 uniques)	79 (6 uniques)	79 (6 uniques)	79 (6 uniques)	79 (6 uniques)	73 (5 uniques)	73 (5 uniques)	73 (5 uniques)	73 (5 uniques)
FLU29_S359_L001	23536	815	815	815 (573 uniques)	531 (28 uniques)	451 (19 uniques)	451 (19 uniques)	451 (19 uniques)	451 (19 uniques)	451 (18 uniques)	451 (18 uniques)	451 (18 uniques)	451 (18 uniques)	451 (18 uniques)
FLU2_S310_L001	32241	24815	24815	24815 (7492 uniques)	24673 (66 uniques)	24344 (59 uniques)	20832 (48 uniques)	20823 (47 uniques)	20823 (47 uniques)	20823 (37 uniques)	3974 (35 uniques)	3974 (35 uniques)	3974 (35 uniques)	3974 (35 uniques)
FLU30_S360_L001	32327	890	890	890 (696 uniques)	437 (44 uniques)	304 (24 uniques)	304 (24 uniques)	304 (24 uniques)	304 (24 uniques)	304 (24 uniques)	287 (22 uniques)	285 (21 uniques)	285 (21 uniques)	285 (21 uniques)
FLU31_S361_L001	24487	18618	18618	18618 (5328 uniques)	18538 (66 uniques)	18217 (53 uniques)	16042 (46 uniques)	16031 (45 uniques)	16031 (45 uniques)	16031 (37 uniques)	2454 (34 uniques)	2454 (34 uniques)	2454 (34 uniques)	2454 (34 uniques)
FLU32_S362_L001	35711	27875	27875	27875 (8862 uniques)	27658 (163 uniques)	27126 (142 uniques)	22039 (131 uniques)	22008 (130 uniques)	22008 (130 uniques)	22008 (109 uniques)	6497 (94 uniques)	6497 (94 uniques)	6497 (94 uniques)	6497 (94 uniques)
FLU33_S363_L001	14668	1958	1958	1958 (1908 uniques)	1887 (10 uniques)	30 (5 uniques)	30 (5 uniques)	30 (5 uniques)	30 (5 uniques)	30 (5 uniques)	26 (4 uniques)	26 (4 uniques)	26 (4 uniques)	26 (4 uniques)
FLU34_S364_L001	17858	2453	2453	2453 (2337 uniques)	2400 (12 uniques)	117 (9 uniques)	117 (9 uniques)	117 (9 uniques)	117 (9 uniques)	117 (9 uniques)	117 (9 uniques)	115 (8 uniques)	115 (8 uniques)	115 (8 uniques)
FLU35_S365_L001	37155	1198	1198	1198 (885 uniques)	702 (40 uniques)	600 (25 uniques)	525 (23 uniques)	525 (23 uniques)	525 (23 uniques)	525 (23 uniques)	354 (21 uniques)	354 (21 uniques)	354 (21 uniques)	354 (21 uniques)
FLU36_S366_L001	29697	1127	1127	1127 (802 uniques)	692 (51 uniques)	543 (32 uniques)	543 (32 uniques)	543 (32 uniques)	543 (32 uniques)	543 (32 uniques)	494 (28 uniques)	494 (28 uniques)	494 (28 uniques)	494 (28 uniques)
FLU3_S368_L001	12849	1916	1916	1916 (1850 uniques)	1848 (12 uniques)	1821 (9 uniques)	110 (8 uniques)	110 (8 uniques)	110 (8 uniques)	110 (8 uniques)	110 (8 uniques)	110 (8 uniques)	110 (8 uniques)	110 (8 uniques)
FLU4_S311_L001	18684	4290	4290	4290 (3400 uniques)	4061 (96 uniques)	3797 (69 uniques)	1574 (68 uniques)	1574 (68 uniques)	1574 (68 uniques)	1574 (67 uniques)	1531 (64 uniques)	1529 (63 uniques)	1529 (63 uniques)	1529 (63 uniques)
FLU5_S369_L001	24454	703	703	703 (533 uniques)	364 (18 uniques)	322 (12 uniques)	322 (12 uniques)	322 (12 uniques)	322 (12 uniques)	322 (12 uniques)	312 (11 uniques)	312 (11 uniques)	312 (11 uniques)	312 (11 uniques)
FLU6_S312_L001	25068	1338	1338	1338 (856 uniques)	935 (47 uniques)	847 (36 uniques)	817 (35 uniques)	817 (35 uniques)	817 (35 uniques)	817 (35 uniques)	787 (33 uniques)	787 (33 uniques)	787 (33 uniques)	787 (33 uniques)
FLU7_S313_L001	33962	25553	25553	25553 (7435 uniques)	25349 (70 uniques)	25085 (60 uniques)	19516 (52 uniques)	19516 (52 uniques)	19516 (52 uniques)	19516 (45 uniques)	5423 (44 uniques)	5423 (44 uniques)	5423 (44 uniques)	5423 (44 uniques)
FLU8_S314_L001	31688	24838	24838	24838 (10249 uniques)	24535 (433 uniques)	23566 (352 uniques)	22384 (344 uniques)	22353 (342 uniques)	22353 (342 uniques)	22353 (319 uniques)	16548 (299 uniques)	16548 (299 uniques)	16548 (299 uniques)	16548 (299 uniques)
FLU9_S315_L001	21190	5192	5192	5192 (3694 uniques)	5048 (71 uniques)	4891 (52 uniques)	2372 (49 uniques)	2372 (49 uniques)	2372 (49 uniques)	2372 (46 uniques)	2292 (41 uniques)	2292 (41 uniques)	2292 (41 uniques)	2292 (41 uniques)
INI_CN22_10_S202_L001	48642	37673	37673	37673 (18293 uniques)	36496 (645 uniques)	33973 (485 uniques)	33887 (475 uniques)	33854 (474 uniques)	33854 (474 uniques)	33854 (409 uniques)	32941 (396 uniques)	32939 (395 uniques)	32939 (395 uniques)	32939 (395 uniques)
INI_CN22_11_S203_L001	20907	17012	17012	17012 (9286 uniques)	15878 (488 uniques)	13679 (336 uniques)	13303 (320 uniques)	13303 (320 uniques)	13303 (320 uniques)	13303 (286 uniques)	10756 (264 uniques)	10754 (263 uniques)	10754 (263 uniques)	10754 (263 uniques)
INI_CN22_13_S205_L001	39290	31261	31261	31261 (15600 uniques)	29992 (682 uniques)	27199 (483 uniques)	26835 (469 uniques)	26835 (469 uniques)	26835 (469 uniques)	26835 (414 uniques)	23441 (394 uniques)	23441 (394 uniques)	23441 (394 uniques)	23441 (394 uniques)
INI_CN22_14_S206_L001	45289	34916	34916	34916 (16843 uniques)	33775 (677 uniques)	31075 (497 uniques)	30269 (464 uniques)	30228 (461 uniques)	30228 (461 uniques)	30228 (414 uniques)	24879 (389 uniques)	24875 (387 uniques)	24875 (387 uniques)	24875 (387 uniques)
INI_CN22_15_S207_L001	61666	47669	47669	47669 (24127 uniques)	46018 (825 uniques)	42656 (650 uniques)	41395 (582 uniques)	41395 (582 uniques)	41395 (582 uniques)	41395 (501 uniques)	35553 (475 uniques)	35551 (474 uniques)	35551 (474 uniques)	35551 (474 uniques)
INI_CN22_16_S208_L001	37959	30517	30517	30517 (14732 uniques)	29520 (598 uniques)	27442 (511 uniques)	24440 (407 uniques)	24424 (406 uniques)	24424 (406 uniques)	24424 (364 uniques)	19351 (338 uniques)	19349 (337 uniques)	19349 (337 uniques)	19349 (337 uniques)
INI_CN22_17_S209_L001	76452	61387	61387	61387 (24758 uniques)	60004 (998 uniques)	56680 (787 uniques)	55795 (728 uniques)	55730 (723 uniques)	55730 (723 uniques)	55730 (628 uniques)	48640 (599 uniques)	48638 (598 uniques)	48638 (598 uniques)	48638 (598 uniques)
INI_CN22_18_S210_L001	76349	59745	59745	59745 (26573 uniques)	58437 (879 uniques)	55570 (711 uniques)	54438 (645 uniques)	54410 (644 uniques)	54410 (644 uniques)	54410 (531 uniques)	41558 (492 uniques)	41558 (492 uniques)	41558 (492 uniques)	41558 (492 uniques)
INI_CN22_19_S211_L001	58330	44900	44900	44900 (22013 uniques)	43587 (763 uniques)	40206 (577 uniques)	39345 (518 uniques)	39345 (518 uniques)	39345 (518 uniques)	39345 (444 uniques)	31816 (409 uniques)	31814 (408 uniques)	31814 (408 uniques)	31814 (408 uniques)
INI_CN22_20_S212_L001	51424	40566	40566	40566 (18781 uniques)	39235 (799 uniques)	36429 (598 uniques)	35936 (567 uniques)	35924 (566 uniques)	35924 (566 uniques)	35924 (500 uniques)	31179 (474 uniques)	31177 (473 uniques)	31177 (473 uniques)	31177 (473 uniques)
INI_CN22_21_S213_L001	36186	29324	29324	29324 (13798 uniques)	28313 (663 uniques)	25894 (505 uniques)	25221 (466 uniques)	25221 (466 uniques)	25221 (466 uniques)	25221 (405 uniques)	20578 (365 uniques)	20578 (365 uniques)	20578 (365 uniques)	20578 (365 uniques)
INI_CN22_22_S214_L001	42004	32818	32818	32818 (15024 uniques)	31572 (686 uniques)	29269 (507 uniques)	28318 (452 uniques)	28309 (451 uniques)	28309 (451 uniques)	28309 (404 uniques)	23311 (378 uniques)	23311 (378 uniques)	23311 (378 uniques)	23311 (378 uniques)
INI_CN22_23_S215_L001	52345	40738	40738	40738 (18685 uniques)	39490 (704 uniques)	36954 (550 uniques)	36221 (512 uniques)	36221 (512 uniques)	36221 (512 uniques)	36221 (442 uniques)	32293 (415 uniques)	32289 (413 uniques)	32289 (413 uniques)	32289 (413 uniques)
INI_CN22_24_S216_L001	39811	30709	30709	30709 (15533 uniques)	29226 (698 uniques)	25795 (490 uniques)	25311 (469 uniques)	25311 (469 uniques)	25311 (469 uniques)	25311 (414 uniques)	21139 (387 uniques)	21139 (387 uniques)	21139 (387 uniques)	21139 (387 uniques)
INI_CN22_25_S217_L001	42671	34013	34013	34013 (15995 uniques)	32741 (705 uniques)	30120 (516 uniques)	29756 (497 uniques)	29726 (496 uniques)	29726 (496 uniques)	29726 (425 uniques)	25465 (403 uniques)	25465 (403 uniques)	25465 (403 uniques)	25465 (403 uniques)
INI_CN22_26_S218_L001	45401	35361	35361	35361 (16018 uniques)	34035 (716 uniques)	31477 (538 uniques)	31060 (506 uniques)	31060 (506 uniques)	31060 (506 uniques)	31060 (440 uniques)	29129 (417 uniques)	29123 (414 uniques)	29123 (414 uniques)	29123 (414 uniques)
INI_CN22_27_S219_L001	41275	31468	31468	31468 (14336 uniques)	30415 (559 uniques)	28421 (441 uniques)	27357 (373 uniques)	27357 (373 uniques)	27357 (373 uniques)	27357 (322 uniques)	24592 (299 uniques)	24592 (299 uniques)	24592 (299 uniques)	24592 (299 uniques)
INI_CN22_28_S220_L001	58709	45802	45802	45802 (20261 uniques)	44525 (833 uniques)	41574 (653 uniques)	40744 (601 uniques)	40690 (598 uniques)	40690 (598 uniques)	40690 (510 uniques)	33518 (482 uniques)	33516 (481 uniques)	33516 (481 uniques)	33516 (481 uniques)
INI_CN22_29_S221_L001	54043	41868	41868	41868 (18130 uniques)	40570 (752 uniques)	37864 (573 uniques)	37278 (534 uniques)	37276 (533 uniques)	37276 (533 uniques)	37276 (457 uniques)	27982 (425 uniques)	27980 (424 uniques)	27980 (424 uniques)	27980 (424 uniques)
INI_CN22_2_S194_L001	43742	34001	34001	34001 (16860 uniques)	32680 (744 uniques)	29578 (523 uniques)	29211 (497 uniques)	29211 (497 uniques)	29211 (497 uniques)	29211 (438 uniques)	23274 (418 uniques)	23270 (416 uniques)	23270 (416 uniques)	23270 (416 uniques)
INI_CN22_30_S222_L001	58198	45648	45648	45648 (21072 uniques)	44465 (741 uniques)	41898 (602 uniques)	40957 (540 uniques)	40927 (539 uniques)	40927 (539 uniques)	40927 (457 uniques)	35385 (436 uniques)	35385 (436 uniques)	35385 (436 uniques)	35385 (436 uniques)
INI_CN22_3_S195_L001	38757	29684	29684	29684 (14962 uniques)	28470 (640 uniques)	26198 (497 uniques)	25402 (461 uniques)	25400 (460 uniques)	25400 (460 uniques)	25400 (411 uniques)	23602 (388 uniques)	23600 (387 uniques)	23600 (387 uniques)	23600 (387 uniques)
INI_CN22_4_S196_L001	44638	34306	34306	34306 (16631 uniques)	33141 (680 uniques)	30588 (551 uniques)	29421 (475 uniques)	29408 (473 uniques)	29408 (473 uniques)	29408 (409 uniques)	24750 (378 uniques)	24750 (378 uniques)	24750 (378 uniques)	24750 (378 uniques)
INI_CN22_5_S197_L001	45966	36379	36379	36379 (16837 uniques)	35199 (665 uniques)	32779 (524 uniques)	32162 (488 uniques)	32121 (487 uniques)	32121 (487 uniques)	32121 (427 uniques)	30523 (405 uniques)	30523 (405 uniques)	30523 (405 uniques)	30523 (405 uniques)
INI_CN22_6_S198_L001	52099	39478	39478	39478 (18504 uniques)	38267 (763 uniques)	35611 (589 uniques)	34990 (553 uniques)	34990 (553 uniques)	34990 (553 uniques)	34990 (475 uniques)	31610 (447 uniques)	31610 (447 uniques)	31610 (447 uniques)	31610 (447 uniques)
INI_CN22_7_S199_L001	42123	32633	32633	32633 (15725 uniques)	31360 (671 uniques)	28696 (498 uniques)	27829 (458 uniques)	27787 (455 uniques)	27787 (455 uniques)	27787 (387 uniques)	24312 (363 uniques)	24312 (363 uniques)	24312 (363 uniques)	24312 (363 uniques)
INI_CN22_8_S200_L001	62441	48466	48466	48466 (23092 uniques)	47092 (849 uniques)	43911 (668 uniques)	42814 (606 uniques)	42814 (606 uniques)	42814 (606 uniques)	42814 (508 uniques)	38083 (480 uniques)	38079 (478 uniques)	38079 (478 uniques)	38079 (478 uniques)
INI_CN22_9_S201_L001	40820	31297	31297	31297 (14566 uniques)	30194 (589 uniques)	27886 (430 uniques)	27415 (407 uniques)	27401 (406 uniques)	27401 (406 uniques)	27401 (351 uniques)	21145 (331 uniques)	21145 (331 uniques)	21145 (331 uniques)	21145 (331 uniques)
INI_DL22_10_S261_L001	55836	44504	44504	44504 (19227 uniques)	43521 (501 uniques)	41498 (425 uniques)	40223 (364 uniques)	40160 (361 uniques)	40160 (361 uniques)	40160 (314 uniques)	35537 (294 uniques)	35537 (294 uniques)	35537 (294 uniques)	35537 (294 uniques)
INI_DL22_11_S262_L001	40770	32053	32053	32053 (14655 uniques)	31072 (507 uniques)	29209 (408 uniques)	28156 (351 uniques)	28156 (351 uniques)	28156 (351 uniques)	28156 (303 uniques)	22754 (285 uniques)	22752 (284 uniques)	22752 (284 uniques)	22752 (284 uniques)
INI_DL22_12_S263_L001	42368	33285	33285	33285 (15570 uniques)	32224 (585 uniques)	29988 (458 uniques)	29645 (428 uniques)	29636 (427 uniques)	29636 (427 uniques)	29636 (365 uniques)	25799 (339 uniques)	25795 (337 uniques)	25795 (337 uniques)	25795 (337 uniques)
INI_DL22_13_S264_L001	42890	34038	34038	34038 (14047 uniques)	33473 (353 uniques)	31951 (319 uniques)	30488 (246 uniques)	30410 (242 uniques)	30410 (242 uniques)	30410 (197 uniques)	22284 (180 uniques)	22284 (180 uniques)	22284 (180 uniques)	22284 (180 uniques)
INI_DL22_14_S265_L001	33785	27498	27498	27498 (13317 uniques)	26414 (683 uniques)	24122 (509 uniques)	23684 (484 uniques)	23684 (484 uniques)	23684 (484 uniques)	23684 (434 uniques)	21177 (412 uniques)	21173 (410 uniques)	21173 (410 uniques)	21173 (410 uniques)
INI_DL22_15_S266_L001	42371	32970	32970	32970 (16257 uniques)	32134 (512 uniques)	30340 (482 uniques)	26800 (367 uniques)	26800 (367 uniques)	26800 (367 uniques)	26800 (311 uniques)	23534 (287 uniques)	23534 (287 uniques)	23534 (287 uniques)	23534 (287 uniques)
INI_DL22_16_S267_L001	60160	47964	47964	47964 (21774 uniques)	46990 (480 uniques)	44964 (395 uniques)	43679 (351 uniques)	43562 (344 uniques)	43562 (344 uniques)	43562 (293 uniques)	38169 (280 uniques)	38167 (279 uniques)	38167 (279 uniques)	38167 (279 uniques)
INI_DL22_18_S268_L001	41771	33574	33574	33574 (15828 uniques)	32450 (646 uniques)	30359 (546 uniques)	28793 (461 uniques)	28791 (460 uniques)	28791 (460 uniques)	28791 (409 uniques)	24685 (379 uniques)	24683 (378 uniques)	24683 (378 uniques)	24683 (378 uniques)
INI_DL22_19_S269_L001	39477	31029	31029	31029 (15587 uniques)	29706 (638 uniques)	27119 (461 uniques)	26788 (445 uniques)	26774 (444 uniques)	26774 (444 uniques)	26774 (396 uniques)	20958 (365 uniques)	20952 (362 uniques)	20952 (362 uniques)	20952 (362 uniques)
INI_DL22_1_S253_L001	47031	36435	36435	36435 (15815 uniques)	35852 (372 uniques)	34327 (359 uniques)	29093 (259 uniques)	29084 (258 uniques)	29084 (258 uniques)	29084 (219 uniques)	24370 (197 uniques)	24370 (197 uniques)	24370 (197 uniques)	24370 (197 uniques)
INI_DL22_20_S270_L001	50437	40721	40721	40721 (17838 uniques)	39870 (580 uniques)	37920 (504 uniques)	36391 (420 uniques)	36348 (418 uniques)	36348 (418 uniques)	36348 (346 uniques)	30454 (314 uniques)	30454 (314 uniques)	30454 (314 uniques)	30454 (314 uniques)
INI_DL22_21_S271_L001	69708	55176	55176	55176 (23560 uniques)	54347 (510 uniques)	52397 (463 uniques)	47213 (358 uniques)	47210 (357 uniques)	47210 (357 uniques)	47210 (297 uniques)	32010 (276 uniques)	32010 (276 uniques)	32010 (276 uniques)	32010 (276 uniques)
INI_DL22_22_S272_L001	52957	41890	41890	41890 (20167 uniques)	40886 (506 uniques)	38847 (478 uniques)	36714 (384 uniques)	36714 (384 uniques)	36714 (384 uniques)	36714 (322 uniques)	31927 (296 uniques)	31925 (295 uniques)	31925 (295 uniques)	31925 (295 uniques)
INI_DL22_23_S273_L001	41469	33446	33446	33446 (14348 uniques)	32745 (402 uniques)	31355 (384 uniques)	29533 (296 uniques)	29475 (292 uniques)	29475 (292 uniques)	29475 (253 uniques)	26560 (239 uniques)	26560 (239 uniques)	26560 (239 uniques)	26560 (239 uniques)
INI_DL22_24_S274_L001	37152	29732	29732	29732 (13613 uniques)	29091 (384 uniques)	27880 (365 uniques)	24904 (262 uniques)	24904 (262 uniques)	24904 (262 uniques)	24904 (232 uniques)	22324 (215 uniques)	22324 (215 uniques)	22324 (215 uniques)	22324 (215 uniques)
INI_DL22_25_S275_L001	41746	33332	33332	33332 (16164 uniques)	32601 (467 uniques)	30988 (421 uniques)	28587 (331 uniques)	28561 (329 uniques)	28561 (329 uniques)	28561 (293 uniques)	22087 (276 uniques)	22085 (275 uniques)	22085 (275 uniques)	22085 (275 uniques)
INI_DL22_26_S276_L001	53367	41004	41004	41004 (17287 uniques)	40318 (350 uniques)	38855 (333 uniques)	35867 (242 uniques)	35669 (235 uniques)	35669 (235 uniques)	35669 (198 uniques)	32811 (179 uniques)	32811 (179 uniques)	32811 (179 uniques)	32811 (179 uniques)
INI_DL22_27_S305_L001	36089	28133	28133	28133 (13548 uniques)	27090 (582 uniques)	25046 (440 uniques)	24496 (405 uniques)	24481 (404 uniques)	24481 (404 uniques)	24481 (344 uniques)	18380 (317 uniques)	18378 (316 uniques)	18378 (316 uniques)	18378 (316 uniques)
INI_DL22_28_S278_L001	40548	31185	31185	31185 (15180 uniques)	29825 (680 uniques)	27237 (506 uniques)	26770 (475 uniques)	26741 (474 uniques)	26741 (474 uniques)	26741 (428 uniques)	25257 (404 uniques)	25257 (404 uniques)	25257 (404 uniques)	25257 (404 uniques)
INI_DL22_29_S279_L001	42436	33505	33505	33505 (16184 uniques)	32553 (544 uniques)	30553 (462 uniques)	29023 (393 uniques)	29023 (393 uniques)	29023 (393 uniques)	29023 (334 uniques)	25814 (311 uniques)	25814 (311 uniques)	25814 (311 uniques)	25814 (311 uniques)
INI_DL22_2_S254_L001	53046	41137	41137	41137 (19910 uniques)	39822 (647 uniques)	37060 (524 uniques)	35875 (461 uniques)	35875 (461 uniques)	35875 (461 uniques)	35875 (397 uniques)	28761 (368 uniques)	28761 (368 uniques)	28761 (368 uniques)	28761 (368 uniques)
INI_DL22_30_S280_L001	43151	34234	34234	34234 (13538 uniques)	33312 (481 uniques)	31432 (375 uniques)	31119 (359 uniques)	30724 (348 uniques)	30724 (348 uniques)	30724 (302 uniques)	29118 (289 uniques)	29116 (288 uniques)	29116 (288 uniques)	29116 (288 uniques)
INI_DL22_31_S281_L001	46056	36526	36526	36526 (17931 uniques)	35257 (709 uniques)	32557 (580 uniques)	29308 (470 uniques)	29266 (468 uniques)	29266 (468 uniques)	29266 (416 uniques)	20871 (387 uniques)	20871 (387 uniques)	20871 (387 uniques)	20871 (387 uniques)
INI_DL22_32_S282_L001	45687	35932	35932	35932 (17101 uniques)	35202 (377 uniques)	33515 (368 uniques)	30365 (263 uniques)	30283 (258 uniques)	30283 (258 uniques)	30283 (219 uniques)	28452 (203 uniques)	28452 (203 uniques)	28452 (203 uniques)	28452 (203 uniques)
INI_DL22_33_S283_L001	70280	56127	56127	56127 (25031 uniques)	55068 (582 uniques)	53057 (519 uniques)	51476 (451 uniques)	51476 (451 uniques)	51476 (451 uniques)	51476 (373 uniques)	45054 (348 uniques)	45054 (348 uniques)	45054 (348 uniques)	45054 (348 uniques)
INI_DL22_34_S284_L001	58937	46677	46677	46677 (21140 uniques)	45931 (449 uniques)	44297 (450 uniques)	38103 (341 uniques)	38103 (341 uniques)	38103 (341 uniques)	38103 (280 uniques)	35671 (254 uniques)	35671 (254 uniques)	35671 (254 uniques)	35671 (254 uniques)
INI_DL22_35_S285_L001	45438	35545	35545	35545 (14838 uniques)	34823 (420 uniques)	33458 (386 uniques)	31249 (290 uniques)	31138 (286 uniques)	31138 (286 uniques)	31138 (251 uniques)	17940 (232 uniques)	17938 (231 uniques)	17938 (231 uniques)	17938 (231 uniques)
INI_DL22_36_S286_L001	39173	31120	31120	31120 (15378 uniques)	30206 (499 uniques)	28323 (440 uniques)	26941 (360 uniques)	26918 (359 uniques)	26918 (359 uniques)	26918 (300 uniques)	24070 (277 uniques)	24064 (274 uniques)	24064 (274 uniques)	24064 (274 uniques)
INI_DL22_37_S287_L001	35962	28326	28326	28326 (12770 uniques)	27927 (243 uniques)	27068 (274 uniques)	23052 (173 uniques)	23028 (171 uniques)	23028 (171 uniques)	23028 (152 uniques)	17718 (132 uniques)	17718 (132 uniques)	17718 (132 uniques)	17718 (132 uniques)
INI_DL22_38_S288_L001	43097	34101	34101	34101 (15660 uniques)	33216 (428 uniques)	31699 (370 uniques)	30321 (309 uniques)	30321 (309 uniques)	30321 (309 uniques)	30321 (276 uniques)	25965 (255 uniques)	25963 (254 uniques)	25963 (254 uniques)	25963 (254 uniques)
INI_DL22_39_S289_L001	29098	23449	23449	23449 (10902 uniques)	22738 (415 uniques)	21426 (314 uniques)	21132 (303 uniques)	21132 (303 uniques)	21132 (303 uniques)	21132 (259 uniques)	20152 (243 uniques)	20152 (243 uniques)	20152 (243 uniques)	20152 (243 uniques)
INI_DL22_3_S255_L001	51471	39422	39422	39422 (16806 uniques)	38405 (536 uniques)	36377 (433 uniques)	35398 (375 uniques)	35340 (373 uniques)	35340 (373 uniques)	35340 (330 uniques)	26476 (306 uniques)	26474 (305 uniques)	26474 (305 uniques)	26474 (305 uniques)
INI_DL22_40_S290_L001	42482	33491	33491	33491 (14006 uniques)	32876 (394 uniques)	31706 (329 uniques)	31066 (305 uniques)	31033 (303 uniques)	31033 (303 uniques)	31033 (254 uniques)	25177 (231 uniques)	25175 (230 uniques)	25175 (230 uniques)	25175 (230 uniques)
INI_DL22_41_S291_L001	25035	20785	20785	20785 (8332 uniques)	20352 (295 uniques)	19548 (269 uniques)	18359 (212 uniques)	18341 (211 uniques)	18341 (211 uniques)	18341 (187 uniques)	14651 (174 uniques)	14651 (174 uniques)	14651 (174 uniques)	14651 (174 uniques)
INI_DL22_42_S292_L001	30137	22963	22963	22963 (11085 uniques)	22274 (420 uniques)	20855 (337 uniques)	20121 (303 uniques)	20121 (303 uniques)	20121 (303 uniques)	20121 (253 uniques)	16766 (229 uniques)	16766 (229 uniques)	16766 (229 uniques)	16766 (229 uniques)
INI_DL22_43_S293_L001	39394	31514	31514	31514 (15734 uniques)	30437 (584 uniques)	28567 (477 uniques)	27746 (440 uniques)	27746 (440 uniques)	27746 (440 uniques)	27746 (384 uniques)	24272 (356 uniques)	24272 (356 uniques)	24272 (356 uniques)	24272 (356 uniques)
INI_DL22_44_S294_L001	40761	32852	32852	32852 (13718 uniques)	31834 (432 uniques)	30276 (347 uniques)	29267 (298 uniques)	29187 (295 uniques)	29187 (295 uniques)	29187 (264 uniques)	26750 (246 uniques)	26750 (246 uniques)	26750 (246 uniques)	26750 (246 uniques)
INI_DL22_45_S295_L001	37536	28964	28964	28964 (13845 uniques)	28236 (508 uniques)	26460 (465 uniques)	23181 (362 uniques)	23176 (361 uniques)	23176 (361 uniques)	23176 (304 uniques)	20466 (280 uniques)	20466 (280 uniques)	20466 (280 uniques)	20466 (280 uniques)
INI_DL22_46_S296_L001	54724	42653	42653	42653 (17968 uniques)	41713 (703 uniques)	39321 (601 uniques)	36237 (490 uniques)	36159 (486 uniques)	36159 (486 uniques)	36159 (423 uniques)	32814 (392 uniques)	32814 (392 uniques)	32814 (392 uniques)	32814 (392 uniques)
INI_DL22_47_S297_L001	25964	20380	20380	20380 (9660 uniques)	19745 (382 uniques)	18598 (308 uniques)	18000 (290 uniques)	17998 (289 uniques)	17998 (289 uniques)	17998 (263 uniques)	16335 (238 uniques)	16333 (237 uniques)	16333 (237 uniques)	16333 (237 uniques)
INI_DL22_49_S298_L001	35243	27813	27813	27813 (12974 uniques)	27104 (469 uniques)	25681 (409 uniques)	24765 (358 uniques)	24765 (358 uniques)	24765 (358 uniques)	24765 (317 uniques)	17243 (289 uniques)	17243 (289 uniques)	17243 (289 uniques)	17243 (289 uniques)
INI_DL22_4_S256_L001	40944	31684	31684	31684 (15727 uniques)	30602 (601 uniques)	28385 (508 uniques)	26888 (418 uniques)	26888 (418 uniques)	26888 (418 uniques)	26888 (361 uniques)	22094 (337 uniques)	22094 (337 uniques)	22094 (337 uniques)	22094 (337 uniques)
INI_DL22_50_S299_L001	37865	30235	30235	30235 (15135 uniques)	29292 (612 uniques)	27474 (495 uniques)	26185 (444 uniques)	26185 (444 uniques)	26185 (444 uniques)	26185 (401 uniques)	23050 (378 uniques)	23048 (377 uniques)	23048 (377 uniques)	23048 (377 uniques)
INI_DL22_51_S300_L001	31651	25005	25005	25005 (11916 uniques)	24131 (489 uniques)	22432 (404 uniques)	21322 (353 uniques)	21322 (353 uniques)	21322 (353 uniques)	21322 (324 uniques)	17405 (297 uniques)	17405 (297 uniques)	17405 (297 uniques)	17405 (297 uniques)
INI_DL22_52_S301_L001	27465	21773	21773	21773 (11671 uniques)	20840 (488 uniques)	19339 (370 uniques)	18949 (360 uniques)	18947 (359 uniques)	18947 (359 uniques)	18947 (327 uniques)	15758 (297 uniques)	15758 (297 uniques)	15758 (297 uniques)	15758 (297 uniques)
INI_DL22_55_S302_L001	27658	22461	22461	22461 (10768 uniques)	21552 (465 uniques)	20158 (363 uniques)	19688 (341 uniques)	19682 (340 uniques)	19682 (340 uniques)	19682 (298 uniques)	17502 (281 uniques)	17502 (281 uniques)	17502 (281 uniques)	17502 (281 uniques)
INI_DL22_56_S303_L001	32387	26247	26247	26247 (11279 uniques)	25615 (417 uniques)	24479 (361 uniques)	23689 (316 uniques)	23689 (316 uniques)	23689 (316 uniques)	23689 (273 uniques)	19276 (253 uniques)	19276 (253 uniques)	19276 (253 uniques)	19276 (253 uniques)
INI_DL22_57_S304_L001	31204	24722	24722	24722 (11893 uniques)	23741 (527 uniques)	22055 (411 uniques)	21616 (385 uniques)	21614 (384 uniques)	21614 (384 uniques)	21614 (336 uniques)	18933 (307 uniques)	18933 (307 uniques)	18933 (307 uniques)	18933 (307 uniques)
INI_DL22_5_S257_L001	67063	52571	52571	52571 (24228 uniques)	51305 (800 uniques)	48260 (697 uniques)	45143 (580 uniques)	45143 (580 uniques)	45143 (580 uniques)	45143 (483 uniques)	42373 (453 uniques)	42373 (453 uniques)	42373 (453 uniques)	42373 (453 uniques)
INI_DL22_6_S258_L001	47103	39537	39537	39537 (17601 uniques)	38797 (456 uniques)	37536 (464 uniques)	34402 (366 uniques)	34402 (366 uniques)	34402 (366 uniques)	34402 (320 uniques)	29592 (302 uniques)	29592 (302 uniques)	29592 (302 uniques)	29592 (302 uniques)
INI_DL22_7_S259_L001	54806	44262	44262	44262 (20689 uniques)	43199 (722 uniques)	40877 (640 uniques)	38712 (541 uniques)	38674 (539 uniques)	38674 (539 uniques)	38674 (451 uniques)	31117 (419 uniques)	31117 (419 uniques)	31117 (419 uniques)	31117 (419 uniques)
INI_DL22_8_S260_L001	71159	56757	56757	56757 (24149 uniques)	56223 (405 uniques)	54622 (399 uniques)	42040 (295 uniques)	41881 (288 uniques)	41881 (288 uniques)	41881 (250 uniques)	34524 (223 uniques)	34522 (222 uniques)	34522 (222 uniques)	34522 (222 uniques)
INI_PS22_10_S232_L001	47628	38489	38489	38489 (17881 uniques)	37213 (756 uniques)	34712 (606 uniques)	34408 (589 uniques)	34399 (588 uniques)	34399 (588 uniques)	34399 (497 uniques)	32026 (475 uniques)	32026 (475 uniques)	32026 (475 uniques)	32026 (475 uniques)
INI_PS22_11_S233_L001	55922	43296	43296	43296 (18938 uniques)	42022 (670 uniques)	39070 (500 uniques)	38449 (462 uniques)	38393 (460 uniques)	38393 (460 uniques)	38393 (387 uniques)	35605 (360 uniques)	35603 (359 uniques)	35603 (359 uniques)	35603 (359 uniques)
INI_PS22_12_S234_L001	61802	47710	47710	47710 (20374 uniques)	46711 (735 uniques)	44107 (621 uniques)	42252 (528 uniques)	42157 (525 uniques)	42157 (525 uniques)	42157 (445 uniques)	37572 (419 uniques)	37570 (418 uniques)	37570 (418 uniques)	37570 (418 uniques)
INI_PS22_13_S235_L001	68292	52778	52778	52778 (26523 uniques)	51042 (950 uniques)	46857 (769 uniques)	45054 (670 uniques)	45021 (668 uniques)	45021 (668 uniques)	45021 (565 uniques)	41284 (533 uniques)	41280 (531 uniques)	41280 (531 uniques)	41280 (531 uniques)
INI_PS22_14_S236_L001	43569	34011	34011	34011 (17763 uniques)	32627 (721 uniques)	29511 (526 uniques)	29266 (508 uniques)	29256 (507 uniques)	29256 (507 uniques)	29256 (450 uniques)	27164 (430 uniques)	27162 (429 uniques)	27162 (429 uniques)	27162 (429 uniques)
INI_PS22_15_S237_L001	36886	28419	28419	28419 (13478 uniques)	27410 (590 uniques)	25264 (479 uniques)	24400 (421 uniques)	24383 (420 uniques)	24383 (420 uniques)	24383 (353 uniques)	17134 (333 uniques)	17134 (333 uniques)	17134 (333 uniques)	17134 (333 uniques)
INI_PS22_16_S238_L001	40912	31337	31337	31337 (13993 uniques)	30252 (582 uniques)	27911 (422 uniques)	27514 (401 uniques)	27498 (400 uniques)	27498 (400 uniques)	27498 (344 uniques)	23805 (330 uniques)	23799 (327 uniques)	23799 (327 uniques)	23799 (327 uniques)
INI_PS22_17_S239_L001	43100	33922	33922	33922 (14798 uniques)	32632 (627 uniques)	30125 (453 uniques)	30025 (438 uniques)	29970 (436 uniques)	29970 (436 uniques)	29970 (376 uniques)	28533 (356 uniques)	28533 (356 uniques)	28533 (356 uniques)	28533 (356 uniques)
INI_PS22_18_S240_L001	53326	42546	42546	42546 (19507 uniques)	41044 (823 uniques)	37984 (638 uniques)	37501 (599 uniques)	37496 (598 uniques)	37496 (598 uniques)	37496 (513 uniques)	31635 (485 uniques)	31629 (482 uniques)	31629 (482 uniques)	31629 (482 uniques)
INI_PS22_19_S241_L001	34284	27894	27894	27894 (12690 uniques)	27417 (317 uniques)	26414 (329 uniques)	22264 (228 uniques)	22258 (227 uniques)	22258 (227 uniques)	22258 (200 uniques)	18559 (182 uniques)	18559 (182 uniques)	18559 (182 uniques)	18559 (182 uniques)
INI_PS22_1_S223_L001	68383	54099	54099	54099 (23688 uniques)	52587 (937 uniques)	48730 (693 uniques)	48108 (654 uniques)	48014 (650 uniques)	48014 (650 uniques)	48014 (541 uniques)	45463 (510 uniques)	45463 (510 uniques)	45463 (510 uniques)	45463 (510 uniques)
INI_PS22_20_S242_L001	45058	36572	36572	36572 (17542 uniques)	35328 (599 uniques)	33126 (482 uniques)	32284 (438 uniques)	32284 (438 uniques)	32284 (438 uniques)	32284 (373 uniques)	26125 (344 uniques)	26125 (344 uniques)	26125 (344 uniques)	26125 (344 uniques)
INI_PS22_21_S243_L001	47955	37790	37790	37790 (17200 uniques)	36681 (487 uniques)	34963 (420 uniques)	33565 (350 uniques)	33527 (349 uniques)	33527 (349 uniques)	33527 (305 uniques)	25546 (286 uniques)	25546 (286 uniques)	25546 (286 uniques)	25546 (286 uniques)
INI_PS22_22_S244_L001	50182	39544	39544	39544 (19454 uniques)	38333 (668 uniques)	35862 (563 uniques)	33971 (469 uniques)	33947 (466 uniques)	33947 (466 uniques)	33947 (395 uniques)	27584 (370 uniques)	27584 (370 uniques)	27584 (370 uniques)	27584 (370 uniques)
INI_PS22_23_S245_L001	50718	40151	40151	40151 (18450 uniques)	39197 (717 uniques)	36485 (618 uniques)	34365 (508 uniques)	34350 (506 uniques)	34350 (506 uniques)	34350 (423 uniques)	32083 (388 uniques)	32083 (388 uniques)	32083 (388 uniques)	32083 (388 uniques)
INI_PS22_24_S246_L001	49646	38598	38598	38598 (17657 uniques)	38049 (479 uniques)	36297 (432 uniques)	33660 (338 uniques)	33660 (338 uniques)	33660 (338 uniques)	33660 (288 uniques)	29256 (271 uniques)	29256 (271 uniques)	29256 (271 uniques)	29256 (271 uniques)
INI_PS22_25_S247_L001	40828	33437	33437	33437 (16092 uniques)	32549 (614 uniques)	30694 (541 uniques)	29224 (462 uniques)	29216 (461 uniques)	29216 (461 uniques)	29216 (396 uniques)	23168 (370 uniques)	23168 (370 uniques)	23168 (370 uniques)	23168 (370 uniques)
INI_PS22_26_S248_L001	45801	35942	35942	35942 (17035 uniques)	35362 (275 uniques)	34228 (290 uniques)	24620 (188 uniques)	24561 (185 uniques)	24561 (185 uniques)	24561 (160 uniques)	20112 (142 uniques)	20112 (142 uniques)	20112 (142 uniques)	20112 (142 uniques)
INI_PS22_27_S249_L001	60926	48559	48559	48559 (20671 uniques)	47575 (565 uniques)	45578 (463 uniques)	44667 (417 uniques)	44549 (412 uniques)	44549 (412 uniques)	44549 (352 uniques)	39535 (326 uniques)	39535 (326 uniques)	39535 (326 uniques)	39535 (326 uniques)
INI_PS22_28_S250_L001	39547	31510	31510	31510 (14441 uniques)	30550 (486 uniques)	28743 (390 uniques)	27668 (340 uniques)	27668 (340 uniques)	27668 (340 uniques)	27668 (289 uniques)	22835 (278 uniques)	22833 (277 uniques)	22833 (277 uniques)	22833 (277 uniques)
INI_PS22_29_S251_L001	71638	57682	57682	57682 (26355 uniques)	56367 (767 uniques)	53551 (647 uniques)	52683 (592 uniques)	52683 (592 uniques)	52683 (592 uniques)	52683 (478 uniques)	44987 (443 uniques)	44985 (442 uniques)	44985 (442 uniques)	44985 (442 uniques)
INI_PS22_2_S224_L001	46630	35444	35444	35444 (14962 uniques)	34311 (585 uniques)	31435 (428 uniques)	30677 (387 uniques)	30653 (386 uniques)	30653 (386 uniques)	30653 (328 uniques)	27778 (307 uniques)	27776 (306 uniques)	27776 (306 uniques)	27776 (306 uniques)
INI_PS22_30_S252_L001	49096	37650	37650	37650 (15887 uniques)	36872 (370 uniques)	35131 (331 uniques)	33307 (253 uniques)	33250 (250 uniques)	33250 (250 uniques)	33250 (209 uniques)	25088 (194 uniques)	25088 (194 uniques)	25088 (194 uniques)	25088 (194 uniques)
INI_PS22_3_S225_L001	51228	37300	37300	37300 (12245 uniques)	36212 (469 uniques)	34178 (318 uniques)	33937 (306 uniques)	33766 (297 uniques)	33766 (297 uniques)	33766 (269 uniques)	30378 (254 uniques)	30376 (253 uniques)	30376 (253 uniques)	30376 (253 uniques)
INI_PS22_4_S226_L001	46399	35437	35437	35437 (14240 uniques)	34402 (635 uniques)	31563 (436 uniques)	31133 (414 uniques)	31079 (412 uniques)	31079 (412 uniques)	31079 (345 uniques)	28339 (328 uniques)	28339 (328 uniques)	28339 (328 uniques)	28339 (328 uniques)
INI_PS22_5_S227_L001	39177	29670	29670	29670 (13340 uniques)	28513 (577 uniques)	26139 (408 uniques)	25768 (393 uniques)	25698 (390 uniques)	25698 (390 uniques)	25698 (344 uniques)	24013 (326 uniques)	24013 (326 uniques)	24013 (326 uniques)	24013 (326 uniques)
INI_PS22_6_S228_L001	68601	52117	52117	52117 (23020 uniques)	50160 (994 uniques)	45770 (719 uniques)	45292 (681 uniques)	45292 (681 uniques)	45292 (681 uniques)	45292 (578 uniques)	39469 (548 uniques)	39469 (548 uniques)	39469 (548 uniques)	39469 (548 uniques)
INI_PS22_7_S229_L001	36653	29438	29438	29438 (12356 uniques)	28184 (514 uniques)	25696 (358 uniques)	25318 (340 uniques)	25293 (339 uniques)	25293 (339 uniques)	25293 (290 uniques)	23254 (269 uniques)	23254 (269 uniques)	23254 (269 uniques)	23254 (269 uniques)
INI_PS22_8_S230_L001	52163	38467	38467	38467 (16037 uniques)	37199 (573 uniques)	33860 (392 uniques)	33351 (362 uniques)	33326 (361 uniques)	33326 (361 uniques)	33326 (306 uniques)	28811 (274 uniques)	28811 (274 uniques)	28811 (274 uniques)	28811 (274 uniques)
INI_PS22_9_S231_L001	38927	30594	30594	30594 (14021 uniques)	29306 (607 uniques)	26481 (437 uniques)	26055 (408 uniques)	25995 (406 uniques)	25995 (406 uniques)	25995 (360 uniques)	24562 (339 uniques)	24558 (337 uniques)	24558 (337 uniques)	24558 (337 uniques)
KL_OFAV_12_S187_L001	67109	50886	50886	50886 (21650 uniques)	50600 (169 uniques)	50314 (208 uniques)	13658 (109 uniques)	13658 (109 uniques)	13658 (109 uniques)	13658 (100 uniques)	13029 (96 uniques)	13029 (96 uniques)	13029 (96 uniques)	13029 (96 uniques)
KL_OFAV_13_S188_L001	53838	39344	39344	39344 (18742 uniques)	39105 (110 uniques)	38782 (156 uniques)	5336 (58 uniques)	5336 (58 uniques)	5336 (58 uniques)	5336 (56 uniques)	4930 (54 uniques)	4928 (53 uniques)	4928 (53 uniques)	4928 (53 uniques)
KL_OFAV_1_S178_L001	65716	47620	47620	47620 (20235 uniques)	47425 (158 uniques)	47215 (208 uniques)	6088 (104 uniques)	6088 (104 uniques)	6088 (104 uniques)	6088 (96 uniques)	5984 (92 uniques)	5984 (92 uniques)	5984 (92 uniques)	5984 (92 uniques)
KL_OFAV_2_S179_L001	92507	69622	69622	69622 (27947 uniques)	69422 (115 uniques)	69133 (161 uniques)	7040 (63 uniques)	7040 (63 uniques)	7040 (63 uniques)	7040 (59 uniques)	5537 (56 uniques)	5537 (56 uniques)	5537 (56 uniques)	5537 (56 uniques)
KL_OFAV_3_S180_L001	58622	42728	42728	42728 (19271 uniques)	42519 (137 uniques)	42345 (190 uniques)	5272 (91 uniques)	5272 (91 uniques)	5272 (91 uniques)	5272 (89 uniques)	5073 (86 uniques)	5073 (86 uniques)	5073 (86 uniques)	5073 (86 uniques)
KL_OFAV_6_S183_L001	42804	32404	32404	32404 (14819 uniques)	32239 (93 uniques)	32072 (150 uniques)	4244 (52 uniques)	4244 (52 uniques)	4244 (52 uniques)	4244 (50 uniques)	1888 (47 uniques)	1888 (47 uniques)	1888 (47 uniques)	1888 (47 uniques)
KL_OFAV_7_S184_L001	49360	34276	34276	34276 (17038 uniques)	34087 (110 uniques)	32891 (159 uniques)	3771 (60 uniques)	3771 (60 uniques)	3771 (60 uniques)	3771 (56 uniques)	2776 (51 uniques)	2776 (51 uniques)	2776 (51 uniques)	2776 (51 uniques)
KL_OFAV_8_S185_L001	48484	36588	36588	36588 (15792 uniques)	36405 (87 uniques)	36244 (144 uniques)	4252 (45 uniques)	4252 (45 uniques)	4252 (45 uniques)	4252 (44 uniques)	3702 (41 uniques)	3702 (41 uniques)	3702 (41 uniques)	3702 (41 uniques)
KL_OFAV_9_S186_L001	57266	43769	43769	43769 (21763 uniques)	42830 (590 uniques)	40591 (484 uniques)	18863 (381 uniques)	18863 (381 uniques)	18863 (381 uniques)	18863 (342 uniques)	15194 (319 uniques)	15194 (319 uniques)	15194 (319 uniques)	15194 (319 uniques)
MCAV_DISEASE_3_9_23_S153_L001	69160	54605	54605	54605 (26667 uniques)	53164 (736 uniques)	50142 (635 uniques)	40191 (527 uniques)	40137 (524 uniques)	40137 (524 uniques)	40137 (437 uniques)	30510 (391 uniques)	30502 (387 uniques)	30502 (387 uniques)	30502 (387 uniques)
MCAV_HEALTHY_CONTROL_S160_L001	89782	70411	70411	70411 (26671 uniques)	70195 (67 uniques)	69861 (132 uniques)	5292 (26 uniques)	5292 (26 uniques)	5292 (26 uniques)	5292 (26 uniques)	5017 (22 uniques)	5017 (22 uniques)	5017 (22 uniques)	5017 (22 uniques)
MOCKP1_S1_L001	53264	42711	42711	42711 (10049 uniques)	42483 (67 uniques)	41921 (82 uniques)	41915 (75 uniques)	40973 (35 uniques)	40973 (35 uniques)	40973 (13 uniques)	40973 (13 uniques)	40969 (11 uniques)	40969 (11 uniques)	40969 (11 uniques)
MockP2_S97_L001	45913	35661	35661	35661 (12441 uniques)	35265 (51 uniques)	34655 (53 uniques)	34594 (49 uniques)	33750 (23 uniques)	33750 (23 uniques)	33750 (11 uniques)	33750 (11 uniques)	33750 (11 uniques)	33750 (11 uniques)	33750 (11 uniques)
MockP3_S193_L001	39808	30973	30973	30973 (10142 uniques)	30683 (45 uniques)	30058 (56 uniques)	30028 (52 uniques)	29273 (27 uniques)	29273 (27 uniques)	29273 (11 uniques)	29273 (11 uniques)	29272 (10 uniques)	29272 (10 uniques)	29272 (10 uniques)
MockP4_S306_L001	2341	1779	1779	1779 (652 uniques)	1776 (3 uniques)	1776 (3 uniques)	1776 (3 uniques)	1776 (3 uniques)	1776 (3 uniques)	1776 (3 uniques)	1776 (3 uniques)	1776 (3 uniques)	1776 (3 uniques)	1776 (3 uniques)
NTC1P1_S73_L001	4652	1830	1830	1830 (584 uniques)	1806 (4 uniques)	1804 (4 uniques)	1804 (4 uniques)	1804 (4 uniques)	1804 (4 uniques)	1804 (4 uniques)	1804 (4 uniques)	1804 (4 uniques)	1804 (4 uniques)	1804 (4 uniques)
NTC1P2_S181_L001	7695	4451	4451	4451 (1647 uniques)	4437 (17 uniques)	4401 (21 uniques)	4401 (16 uniques)	4401 (16 uniques)	4401 (16 uniques)	4401 (9 uniques)	4401 (9 uniques)	4401 (9 uniques)	4401 (9 uniques)	4401 (9 uniques)
NTC1P3_S277_L001	5463	3503	3503	3503 (1384 uniques)	3372 (29 uniques)	3334 (22 uniques)	3334 (20 uniques)	3334 (20 uniques)	3334 (20 uniques)	3334 (19 uniques)	3323 (18 uniques)	3323 (18 uniques)	3323 (18 uniques)	3323 (18 uniques)
NTC1P4_S307_L001	2527	1954	1954	1954 (686 uniques)	1932 (5 uniques)	1930 (5 uniques)	1930 (5 uniques)	1930 (5 uniques)	1930 (5 uniques)	1930 (3 uniques)	1930 (3 uniques)	1930 (3 uniques)	1930 (3 uniques)	1930 (3 uniques)
NTC2P1_S85_L001	5150	2755	2755	2755 (887 uniques)	2691 (23 uniques)	2682 (21 uniques)	2682 (21 uniques)	2682 (21 uniques)	2682 (21 uniques)	2682 (20 uniques)	2682 (20 uniques)	2682 (20 uniques)	2682 (20 uniques)	2682 (20 uniques)
NTC2P2_S182_L001	5996	4737	4737	4737 (1995 uniques)	4713 (14 uniques)	4705 (17 uniques)	4705 (15 uniques)	4705 (15 uniques)	4705 (15 uniques)	4705 (12 uniques)	4705 (12 uniques)	4705 (12 uniques)	4705 (12 uniques)	4705 (12 uniques)
NTC2P3_S204_L001	14140	10322	10322	10322 (5227 uniques)	9516 (260 uniques)	8403 (170 uniques)	8226 (162 uniques)	8226 (162 uniques)	8226 (162 uniques)	8226 (150 uniques)	7284 (130 uniques)	7280 (128 uniques)	7280 (128 uniques)	7280 (128 uniques)
NTC2P4_S308_L001	1852	1481	1481	1481 (593 uniques)	1471 (5 uniques)	1469 (5 uniques)	1469 (5 uniques)	1469 (5 uniques)	1469 (5 uniques)	1469 (3 uniques)	1469 (3 uniques)	1469 (3 uniques)	1469 (3 uniques)	1469 (3 uniques)
OFAV_HEALTHY_CONTROL_1_S157_L001	50619	39065	39065	39065 (16393 uniques)	38882 (74 uniques)	38344 (135 uniques)	8890 (39 uniques)	8890 (39 uniques)	8890 (39 uniques)	8890 (38 uniques)	6837 (31 uniques)	6837 (31 uniques)	6837 (31 uniques)	6837 (31 uniques)
OFAV_HEALTHY_CONTROL_2_S156_L001	62245	49282	49282	49282 (18053 uniques)	49139 (104 uniques)	48751 (160 uniques)	19326 (61 uniques)	19306 (59 uniques)	19306 (59 uniques)	19306 (56 uniques)	19129 (51 uniques)	19129 (51 uniques)	19129 (51 uniques)	19129 (51 uniques)
PSTR_DISEASE_3_16_23_S155_L001	65455	51008	51008	51008 (22140 uniques)	50622 (371 uniques)	49628 (370 uniques)	21902 (270 uniques)	21902 (270 uniques)	21902 (270 uniques)	21902 (251 uniques)	11424 (223 uniques)	11422 (222 uniques)	11422 (222 uniques)	11422 (222 uniques)
PSTR_DISEASE_3_9_23_S154_L001	59270	45301	45301	45301 (18436 uniques)	44382 (292 uniques)	42038 (277 uniques)	40412 (203 uniques)	40236 (199 uniques)	40236 (199 uniques)	40236 (175 uniques)	35622 (157 uniques)	35620 (156 uniques)	35620 (156 uniques)	35620 (156 uniques)
PSTR_HEALTHY_CONTROL_S158_L001	45196	34593	34593	34593 (14669 uniques)	34455 (61 uniques)	34069 (124 uniques)	4452 (27 uniques)	4452 (27 uniques)	4452 (27 uniques)	4452 (25 uniques)	4411 (23 uniques)	4411 (23 uniques)	4411 (23 uniques)	4411 (23 uniques)
SCTLD_DNA_plate_1_A1_S161_L001	72261	53746	53746	53746 (22029 uniques)	52360 (726 uniques)	49432 (588 uniques)	47951 (511 uniques)	47828 (504 uniques)	47828 (504 uniques)	47828 (415 uniques)	38957 (386 uniques)	38957 (386 uniques)	38957 (386 uniques)	38957 (386 uniques)
SCTLD_DNA_plate_1_G1_S162_L001	59876	47178	47178	47178 (22690 uniques)	45483 (862 uniques)	42021 (659 uniques)	40626 (608 uniques)	40617 (607 uniques)	40617 (607 uniques)	40617 (519 uniques)	32949 (483 uniques)	32949 (483 uniques)	32949 (483 uniques)	32949 (483 uniques)
SCTLD_DNA_plate_1_H1_S163_L001	69788	53124	53124	53124 (23554 uniques)	51673 (841 uniques)	48256 (674 uniques)	45099 (560 uniques)	45099 (560 uniques)	45099 (560 uniques)	45099 (493 uniques)	37625 (453 uniques)	37621 (451 uniques)	37621 (451 uniques)	37621 (451 uniques)
SCTLD_DNA_plate_2_A1_S164_L001	68819	54097	54097	54097 (20817 uniques)	53354 (416 uniques)	51307 (397 uniques)	46957 (291 uniques)	46731 (286 uniques)	46731 (286 uniques)	46731 (238 uniques)	41334 (213 uniques)	41334 (213 uniques)	41334 (213 uniques)	41334 (213 uniques)
SCTLD_DNA_plate_2_H1_S165_L001	81473	60489	60489	60489 (24037 uniques)	60324 (91 uniques)	59603 (156 uniques)	2449 (57 uniques)	2449 (57 uniques)	2449 (57 uniques)	2449 (54 uniques)	1807 (52 uniques)	1807 (52 uniques)	1807 (52 uniques)	1807 (52 uniques)
SCTLD_DNA_plate_2_H2_S166_L001	64124	47113	47113	47113 (19828 uniques)	46907 (102 uniques)	46712 (161 uniques)	10257 (61 uniques)	10245 (60 uniques)	10245 (60 uniques)	10245 (57 uniques)	9737 (53 uniques)	9737 (53 uniques)	9737 (53 uniques)	9737 (53 uniques)
SCTLD_DNA_plate_3_A12_S168_L001	52338	42054	42054	42054 (18832 uniques)	40901 (664 uniques)	38606 (537 uniques)	37061 (466 uniques)	37018 (464 uniques)	37018 (464 uniques)	37018 (404 uniques)	28923 (383 uniques)	28923 (383 uniques)	28923 (383 uniques)	28923 (383 uniques)
SCTLD_DNA_plate_3_A1_S167_L001	56969	44689	44689	44689 (21837 uniques)	43052 (879 uniques)	39593 (678 uniques)	39039 (636 uniques)	39039 (636 uniques)	39039 (636 uniques)	39039 (536 uniques)	33372 (513 uniques)	33368 (511 uniques)	33368 (511 uniques)	33368 (511 uniques)
